Job_Desc,Page_Num,url_link,Job_Posts
Data-Science,1,https://www.seek.com.au/Data-Science-jobs/in-All-Sydney-NSW,"['/job/33390778?type=standard&tier=no_tier&pos=1&whereid=1000&userqueryid=42e5e18d7a231181875f207238ba8357-7818218&ref=beta', '/job/33349090?type=standout&tier=no_tier&pos=2&whereid=1000&userqueryid=42e5e18d7a231181875f207238ba8357-7818218&ref=beta', '/job/33338994?type=standard&tier=no_tier&pos=3&whereid=1000&userqueryid=42e5e18d7a231181875f207238ba8357-7818218&ref=beta', '/job/33338996?type=standard&tier=no_tier&pos=4&whereid=1000&userqueryid=42e5e18d7a231181875f207238ba8357-7818218&ref=beta', '/job/33329261?type=standout&tier=no_tier&pos=5&whereid=1000&userqueryid=42e5e18d7a231181875f207238ba8357-7818218&ref=beta', '/job/33329262?type=standout&tier=no_tier&pos=6&whereid=1000&userqueryid=42e5e18d7a231181875f207238ba8357-7818218&ref=beta', '/job/33329263?type=standout&tier=no_tier&pos=7&whereid=1000&userqueryid=42e5e18d7a231181875f207238ba8357-7818218&ref=beta', '/job/33329506?type=standout&tier=no_tier&pos=8&whereid=1000&userqueryid=42e5e18d7a231181875f207238ba8357-7818218&ref=beta', '/job/33314604?type=standout&tier=no_tier&pos=9&whereid=1000&userqueryid=42e5e18d7a231181875f207238ba8357-7818218&ref=beta', '/job/33248755?type=standard&tier=no_tier&pos=10&whereid=1000&userqueryid=42e5e18d7a231181875f207238ba8357-7818218&ref=beta', '/job/33210746?type=standout&tier=no_tier&pos=11&whereid=1000&userqueryid=42e5e18d7a231181875f207238ba8357-7818218&ref=beta', '/job/33371336?type=standard&tier=no_tier&pos=12&whereid=1000&userqueryid=42e5e18d7a231181875f207238ba8357-7818218&ref=beta', '/job/33370759?type=standard&tier=no_tier&pos=13&whereid=1000&userqueryid=42e5e18d7a231181875f207238ba8357-7818218&ref=beta', '/job/33338992?type=standard&tier=no_tier&pos=14&whereid=1000&userqueryid=42e5e18d7a231181875f207238ba8357-7818218&ref=beta', '/job/33326942?type=standout&tier=no_tier&pos=15&whereid=1000&userqueryid=42e5e18d7a231181875f207238ba8357-7818218&ref=beta', '/job/33324793?type=standout&tier=no_tier&pos=16&whereid=1000&userqueryid=42e5e18d7a231181875f207238ba8357-7818218&ref=beta', '/job/33353113?type=standard&tier=no_tier&pos=17&whereid=1000&userqueryid=42e5e18d7a231181875f207238ba8357-7818218&ref=beta', '/job/33236582?type=standout&tier=no_tier&pos=18&whereid=1000&userqueryid=42e5e18d7a231181875f207238ba8357-7818218&ref=beta', '/job/33386624?type=standout&tier=no_tier&pos=19&whereid=1000&userqueryid=42e5e18d7a231181875f207238ba8357-7818218&ref=beta', '/job/32745958?type=standard&tier=no_tier&pos=20&whereid=1000&userqueryid=42e5e18d7a231181875f207238ba8357-7818218&ref=beta']"
Data-Science,2,https://www.seek.com.au/Data-Science-jobs/in-All-Sydney-NSW?page=2,"['/job/33344575?type=standout&tier=no_tier&pos=21&whereid=1000&userqueryid=42e5e18d7a231181875f207238ba8357-7818845&ref=beta', '/job/33344572?type=standout&tier=no_tier&pos=22&whereid=1000&userqueryid=42e5e18d7a231181875f207238ba8357-7818845&ref=beta', '/job/33374269?type=standout&tier=no_tier&pos=23&whereid=1000&userqueryid=42e5e18d7a231181875f207238ba8357-7818845&ref=beta', '/job/33368756?type=standard&tier=no_tier&pos=24&whereid=1000&userqueryid=42e5e18d7a231181875f207238ba8357-7818845&ref=beta', '/job/33365408?type=standout&tier=no_tier&pos=25&whereid=1000&userqueryid=42e5e18d7a231181875f207238ba8357-7818845&ref=beta', '/job/33281555?type=standard&tier=no_tier&pos=26&whereid=1000&userqueryid=42e5e18d7a231181875f207238ba8357-7818845&ref=beta', '/job/33331108?type=standout&tier=no_tier&pos=27&whereid=1000&userqueryid=42e5e18d7a231181875f207238ba8357-7818845&ref=beta', '/job/33359182?type=standard&tier=no_tier&pos=28&whereid=1000&userqueryid=42e5e18d7a231181875f207238ba8357-7818845&ref=beta', '/job/33358184?type=standout&tier=no_tier&pos=29&whereid=1000&userqueryid=42e5e18d7a231181875f207238ba8357-7818845&ref=beta', '/job/33357844?type=standout&tier=no_tier&pos=30&whereid=1000&userqueryid=42e5e18d7a231181875f207238ba8357-7818845&ref=beta', '/job/33360188?type=standout&tier=no_tier&pos=31&whereid=1000&userqueryid=42e5e18d7a231181875f207238ba8357-7818845&ref=beta', '/job/32849000?type=standard&tier=no_tier&pos=32&whereid=1000&userqueryid=42e5e18d7a231181875f207238ba8357-7818845&ref=beta', '/job/33355308?type=standout&tier=no_tier&pos=33&whereid=1000&userqueryid=42e5e18d7a231181875f207238ba8357-7818845&ref=beta', '/job/33355309?type=standout&tier=no_tier&pos=34&whereid=1000&userqueryid=42e5e18d7a231181875f207238ba8357-7818845&ref=beta', '/job/33353421?type=standout&tier=no_tier&pos=35&whereid=1000&userqueryid=42e5e18d7a231181875f207238ba8357-7818845&ref=beta', '/job/33348151?type=standout&tier=no_tier&pos=36&whereid=1000&userqueryid=42e5e18d7a231181875f207238ba8357-7818845&ref=beta', '/job/33344573?type=standout&tier=no_tier&pos=37&whereid=1000&userqueryid=42e5e18d7a231181875f207238ba8357-7818845&ref=beta', '/job/33344571?type=standout&tier=no_tier&pos=38&whereid=1000&userqueryid=42e5e18d7a231181875f207238ba8357-7818845&ref=beta', '/job/33344602?type=standard&tier=no_tier&pos=39&whereid=1000&userqueryid=42e5e18d7a231181875f207238ba8357-7818845&ref=beta', '/job/33343353?type=standout&tier=no_tier&pos=40&whereid=1000&userqueryid=42e5e18d7a231181875f207238ba8357-7818845&ref=beta']"
Data-Science,3,https://www.seek.com.au/Data-Science-jobs/in-All-Sydney-NSW?page=3,"['/job/33314605?type=standout&tier=no_tier&pos=41&whereid=1000&userqueryid=42e5e18d7a231181875f207238ba8357-7819462&ref=beta', '/job/33314600?type=standout&tier=no_tier&pos=42&whereid=1000&userqueryid=42e5e18d7a231181875f207238ba8357-7819462&ref=beta', '/job/33314603?type=standout&tier=no_tier&pos=43&whereid=1000&userqueryid=42e5e18d7a231181875f207238ba8357-7819462&ref=beta', '/job/33340204?type=standard&tier=no_tier&pos=44&whereid=1000&userqueryid=42e5e18d7a231181875f207238ba8357-7819462&ref=beta', '/job/33339190?type=standout&tier=no_tier&pos=45&whereid=1000&userqueryid=42e5e18d7a231181875f207238ba8357-7819462&ref=beta', '/job/33338997?type=standard&tier=no_tier&pos=46&whereid=1000&userqueryid=42e5e18d7a231181875f207238ba8357-7819462&ref=beta', '/job/33335668?type=standout&tier=no_tier&pos=47&whereid=1000&userqueryid=42e5e18d7a231181875f207238ba8357-7819462&ref=beta', '/job/33333055?type=standout&tier=no_tier&pos=48&whereid=1000&userqueryid=42e5e18d7a231181875f207238ba8357-7819462&ref=beta', '/job/33332364?type=standout&tier=no_tier&pos=49&whereid=1000&userqueryid=42e5e18d7a231181875f207238ba8357-7819462&ref=beta', '/job/33329925?type=standard&tier=no_tier&pos=50&whereid=1000&userqueryid=42e5e18d7a231181875f207238ba8357-7819462&ref=beta', '/job/33328986?type=standard&tier=no_tier&pos=51&whereid=1000&userqueryid=42e5e18d7a231181875f207238ba8357-7819462&ref=beta', '/job/33327274?type=standard&tier=no_tier&pos=52&whereid=1000&userqueryid=42e5e18d7a231181875f207238ba8357-7819462&ref=beta', '/job/33324947?type=standard&tier=no_tier&pos=53&whereid=1000&userqueryid=42e5e18d7a231181875f207238ba8357-7819462&ref=beta', '/job/33323885?type=standard&tier=no_tier&pos=54&whereid=1000&userqueryid=42e5e18d7a231181875f207238ba8357-7819462&ref=beta', '/job/33320968?type=standard&tier=no_tier&pos=55&whereid=1000&userqueryid=42e5e18d7a231181875f207238ba8357-7819462&ref=beta', '/job/33315769?type=standard&tier=no_tier&pos=56&whereid=1000&userqueryid=42e5e18d7a231181875f207238ba8357-7819462&ref=beta', '/job/33314602?type=standout&tier=no_tier&pos=57&whereid=1000&userqueryid=42e5e18d7a231181875f207238ba8357-7819462&ref=beta', '/job/33313462?type=standard&tier=no_tier&pos=58&whereid=1000&userqueryid=42e5e18d7a231181875f207238ba8357-7819462&ref=beta', '/job/33309863?type=standout&tier=no_tier&pos=59&whereid=1000&userqueryid=42e5e18d7a231181875f207238ba8357-7819462&ref=beta', '/job/33307540?type=standout&tier=no_tier&pos=60&whereid=1000&userqueryid=42e5e18d7a231181875f207238ba8357-7819462&ref=beta']"
Data-Science,4,https://www.seek.com.au/Data-Science-jobs/in-All-Sydney-NSW?page=4,"['/job/33306870?type=standard&tier=no_tier&pos=61&whereid=1000&userqueryid=42e5e18d7a231181875f207238ba8357-7820210&ref=beta', '/job/33304633?type=standard&tier=no_tier&pos=62&whereid=1000&userqueryid=42e5e18d7a231181875f207238ba8357-7820210&ref=beta', '/job/33298945?type=standard&tier=no_tier&pos=63&whereid=1000&userqueryid=42e5e18d7a231181875f207238ba8357-7820210&ref=beta', '/job/33370796?type=standout&tier=no_tier&pos=64&whereid=1000&userqueryid=42e5e18d7a231181875f207238ba8357-7820210&ref=beta', '/job/33282605?type=standout&tier=no_tier&pos=65&whereid=1000&userqueryid=42e5e18d7a231181875f207238ba8357-7820210&ref=beta', '/job/33360279?type=standout&tier=no_tier&pos=66&whereid=1000&userqueryid=42e5e18d7a231181875f207238ba8357-7820210&ref=beta', '/job/33294260?type=standard&tier=no_tier&pos=67&whereid=1000&userqueryid=42e5e18d7a231181875f207238ba8357-7820210&ref=beta', '/job/33290750?type=standard&tier=no_tier&pos=68&whereid=1000&userqueryid=42e5e18d7a231181875f207238ba8357-7820210&ref=beta', '/job/33094840?type=standard&tier=no_tier&pos=69&whereid=1000&userqueryid=42e5e18d7a231181875f207238ba8357-7820210&ref=beta', '/job/33232807?type=standard&tier=no_tier&pos=70&whereid=1000&userqueryid=42e5e18d7a231181875f207238ba8357-7820210&ref=beta', '/job/33261057?type=standout&tier=no_tier&pos=71&whereid=1000&userqueryid=42e5e18d7a231181875f207238ba8357-7820210&ref=beta', '/job/33270461?type=standout&tier=no_tier&pos=72&whereid=1000&userqueryid=42e5e18d7a231181875f207238ba8357-7820210&ref=beta', '/job/33277482?type=standout&tier=no_tier&pos=73&whereid=1000&userqueryid=42e5e18d7a231181875f207238ba8357-7820210&ref=beta', '/job/33277483?type=standout&tier=no_tier&pos=74&whereid=1000&userqueryid=42e5e18d7a231181875f207238ba8357-7820210&ref=beta', '/job/33277484?type=standout&tier=no_tier&pos=75&whereid=1000&userqueryid=42e5e18d7a231181875f207238ba8357-7820210&ref=beta', '/job/33275358?type=standout&tier=no_tier&pos=76&whereid=1000&userqueryid=42e5e18d7a231181875f207238ba8357-7820210&ref=beta', '/job/33272723?type=standard&tier=no_tier&pos=77&whereid=1000&userqueryid=42e5e18d7a231181875f207238ba8357-7820210&ref=beta', '/job/33268120?type=standout&tier=no_tier&pos=78&whereid=1000&userqueryid=42e5e18d7a231181875f207238ba8357-7820210&ref=beta', '/job/33260841?type=standard&tier=no_tier&pos=79&whereid=1000&userqueryid=42e5e18d7a231181875f207238ba8357-7820210&ref=beta', '/job/33259311?type=standard&tier=no_tier&pos=80&whereid=1000&userqueryid=42e5e18d7a231181875f207238ba8357-7820210&ref=beta']"
Data-Science,5,https://www.seek.com.au/Data-Science-jobs/in-All-Sydney-NSW?page=5,"['/job/33275358?type=standout&tier=no_tier&pos=81&whereid=1000&userqueryid=42e5e18d7a231181875f207238ba8357-7820803&ref=beta', '/job/33392972?type=standout&tier=no_tier&pos=82&whereid=1000&userqueryid=42e5e18d7a231181875f207238ba8357-7820803&ref=beta', '/job/33378737?type=standout&tier=no_tier&pos=83&whereid=1000&userqueryid=42e5e18d7a231181875f207238ba8357-7820803&ref=beta', '/job/33378732?type=standout&tier=no_tier&pos=84&whereid=1000&userqueryid=42e5e18d7a231181875f207238ba8357-7820803&ref=beta', '/job/33378728?type=standout&tier=no_tier&pos=85&whereid=1000&userqueryid=42e5e18d7a231181875f207238ba8357-7820803&ref=beta', '/job/33261057?type=standout&tier=no_tier&pos=86&whereid=1000&userqueryid=42e5e18d7a231181875f207238ba8357-7820803&ref=beta', '/job/33270461?type=standout&tier=no_tier&pos=87&whereid=1000&userqueryid=42e5e18d7a231181875f207238ba8357-7820803&ref=beta', '/job/33388918?type=standard&tier=no_tier&pos=88&whereid=1000&userqueryid=42e5e18d7a231181875f207238ba8357-7820803&ref=beta', '/job/33326942?type=standout&tier=no_tier&pos=89&whereid=1000&userqueryid=42e5e18d7a231181875f207238ba8357-7820803&ref=beta', '/job/33259310?type=standard&tier=no_tier&pos=90&whereid=1000&userqueryid=42e5e18d7a231181875f207238ba8357-7820803&ref=beta', '/job/33259311?type=standard&tier=no_tier&pos=91&whereid=1000&userqueryid=42e5e18d7a231181875f207238ba8357-7820803&ref=beta', '/job/33258309?type=standout&tier=no_tier&pos=92&whereid=1000&userqueryid=42e5e18d7a231181875f207238ba8357-7820803&ref=beta', '/job/33281406?type=standard&tier=no_tier&pos=93&whereid=1000&userqueryid=42e5e18d7a231181875f207238ba8357-7820803&ref=beta', '/job/33256314?type=standard&tier=no_tier&pos=94&whereid=1000&userqueryid=42e5e18d7a231181875f207238ba8357-7820803&ref=beta', '/job/33367082?type=standout&tier=no_tier&pos=95&whereid=1000&userqueryid=42e5e18d7a231181875f207238ba8357-7820803&ref=beta', '/job/33367063?type=standout&tier=no_tier&pos=96&whereid=1000&userqueryid=42e5e18d7a231181875f207238ba8357-7820803&ref=beta', '/job/33366801?type=standout&tier=no_tier&pos=97&whereid=1000&userqueryid=42e5e18d7a231181875f207238ba8357-7820803&ref=beta', '/job/33248755?type=standard&tier=no_tier&pos=98&whereid=1000&userqueryid=42e5e18d7a231181875f207238ba8357-7820803&ref=beta', '/job/33368756?type=standard&tier=no_tier&pos=99&whereid=1000&userqueryid=42e5e18d7a231181875f207238ba8357-7820803&ref=beta', '/job/33365974?type=standout&tier=no_tier&pos=100&whereid=1000&userqueryid=42e5e18d7a231181875f207238ba8357-7820803&ref=beta']"
Data-Analyst,1,https://www.seek.com.au/Data-Analyst-jobs/in-All-Sydney-NSW,"['/job/33392671?type=standard&tier=no_tier&pos=1&whereid=1000&userqueryid=34d9cbff572c55facabf5594c267aaf2-7821388&ref=beta', '/job/33389654?type=standard&tier=no_tier&pos=2&whereid=1000&userqueryid=34d9cbff572c55facabf5594c267aaf2-7821388&ref=beta', '/job/33390515?type=standard&tier=no_tier&pos=3&whereid=1000&userqueryid=34d9cbff572c55facabf5594c267aaf2-7821388&ref=beta', '/job/33387868?type=standout&tier=no_tier&pos=4&whereid=1000&userqueryid=34d9cbff572c55facabf5594c267aaf2-7821388&ref=beta', '/job/33383151?type=standard&tier=no_tier&pos=5&whereid=1000&userqueryid=34d9cbff572c55facabf5594c267aaf2-7821388&ref=beta', '/job/33383152?type=standard&tier=no_tier&pos=6&whereid=1000&userqueryid=34d9cbff572c55facabf5594c267aaf2-7821388&ref=beta', '/job/33383900?type=standout&tier=no_tier&pos=7&whereid=1000&userqueryid=34d9cbff572c55facabf5594c267aaf2-7821388&ref=beta', '/job/33379247?type=standout&tier=no_tier&pos=8&whereid=1000&userqueryid=34d9cbff572c55facabf5594c267aaf2-7821388&ref=beta', '/job/33377528?type=standard&tier=no_tier&pos=9&whereid=1000&userqueryid=34d9cbff572c55facabf5594c267aaf2-7821388&ref=beta', '/job/33376616?type=standard&tier=no_tier&pos=10&whereid=1000&userqueryid=34d9cbff572c55facabf5594c267aaf2-7821388&ref=beta', '/job/33368996?type=standard&tier=no_tier&pos=11&whereid=1000&userqueryid=34d9cbff572c55facabf5594c267aaf2-7821388&ref=beta', '/job/33367549?type=standout&tier=no_tier&pos=12&whereid=1000&userqueryid=34d9cbff572c55facabf5594c267aaf2-7821388&ref=beta', '/job/33362479?type=standout&tier=no_tier&pos=13&whereid=1000&userqueryid=34d9cbff572c55facabf5594c267aaf2-7821388&ref=beta', '/job/33360674?type=standout&tier=no_tier&pos=14&whereid=1000&userqueryid=34d9cbff572c55facabf5594c267aaf2-7821388&ref=beta', '/job/33359151?type=standout&tier=no_tier&pos=15&whereid=1000&userqueryid=34d9cbff572c55facabf5594c267aaf2-7821388&ref=beta', '/job/33350322?type=standout&tier=no_tier&pos=16&whereid=1000&userqueryid=34d9cbff572c55facabf5594c267aaf2-7821388&ref=beta', '/job/33359532?type=standard&tier=no_tier&pos=17&whereid=1000&userqueryid=34d9cbff572c55facabf5594c267aaf2-7821388&ref=beta', '/job/33353113?type=standard&tier=no_tier&pos=18&whereid=1000&userqueryid=34d9cbff572c55facabf5594c267aaf2-7821388&ref=beta', '/job/33349962?type=standard&tier=no_tier&pos=19&whereid=1000&userqueryid=34d9cbff572c55facabf5594c267aaf2-7821388&ref=beta', '/job/33349697?type=standard&tier=no_tier&pos=20&whereid=1000&userqueryid=34d9cbff572c55facabf5594c267aaf2-7821388&ref=beta']"
Data-Analyst,2,https://www.seek.com.au/Data-Analyst-jobs/in-All-Sydney-NSW?page=2,"['/job/33353361?type=standout&tier=no_tier&pos=21&whereid=1000&userqueryid=34d9cbff572c55facabf5594c267aaf2-7822122&ref=beta', '/job/33344398?type=standout&tier=no_tier&pos=22&whereid=1000&userqueryid=34d9cbff572c55facabf5594c267aaf2-7822122&ref=beta', '/job/33341140?type=standout&tier=no_tier&pos=23&whereid=1000&userqueryid=34d9cbff572c55facabf5594c267aaf2-7822122&ref=beta', '/job/33339355?type=standout&tier=no_tier&pos=24&whereid=1000&userqueryid=34d9cbff572c55facabf5594c267aaf2-7822122&ref=beta', '/job/33331108?type=standout&tier=no_tier&pos=25&whereid=1000&userqueryid=34d9cbff572c55facabf5594c267aaf2-7822122&ref=beta', '/job/33334436?type=standout&tier=no_tier&pos=26&whereid=1000&userqueryid=34d9cbff572c55facabf5594c267aaf2-7822122&ref=beta', '/job/33315568?type=standard&tier=no_tier&pos=27&whereid=1000&userqueryid=34d9cbff572c55facabf5594c267aaf2-7822122&ref=beta', '/job/33314685?type=standout&tier=no_tier&pos=28&whereid=1000&userqueryid=34d9cbff572c55facabf5594c267aaf2-7822122&ref=beta', '/job/33314605?type=standout&tier=no_tier&pos=29&whereid=1000&userqueryid=34d9cbff572c55facabf5594c267aaf2-7822122&ref=beta', '/job/33314917?type=standout&tier=no_tier&pos=30&whereid=1000&userqueryid=34d9cbff572c55facabf5594c267aaf2-7822122&ref=beta', '/job/33303239?type=standard&tier=no_tier&pos=31&whereid=1000&userqueryid=34d9cbff572c55facabf5594c267aaf2-7822122&ref=beta', '/job/33301058?type=standard&tier=no_tier&pos=32&whereid=1000&userqueryid=34d9cbff572c55facabf5594c267aaf2-7822122&ref=beta', '/job/33304117?type=standout&tier=no_tier&pos=33&whereid=1000&userqueryid=34d9cbff572c55facabf5594c267aaf2-7822122&ref=beta', '/job/33299152?type=standout&tier=no_tier&pos=34&whereid=1000&userqueryid=34d9cbff572c55facabf5594c267aaf2-7822122&ref=beta', '/job/33302532?type=standout&tier=no_tier&pos=35&whereid=1000&userqueryid=34d9cbff572c55facabf5594c267aaf2-7822122&ref=beta', '/job/33297445?type=standout&tier=no_tier&pos=36&whereid=1000&userqueryid=34d9cbff572c55facabf5594c267aaf2-7822122&ref=beta', '/job/33294260?type=standard&tier=no_tier&pos=37&whereid=1000&userqueryid=34d9cbff572c55facabf5594c267aaf2-7822122&ref=beta', '/job/33293199?type=standout&tier=no_tier&pos=38&whereid=1000&userqueryid=34d9cbff572c55facabf5594c267aaf2-7822122&ref=beta', '/job/33292826?type=standard&tier=no_tier&pos=39&whereid=1000&userqueryid=34d9cbff572c55facabf5594c267aaf2-7822122&ref=beta', '/job/33287683?type=standout&tier=no_tier&pos=40&whereid=1000&userqueryid=34d9cbff572c55facabf5594c267aaf2-7822122&ref=beta']"
Data-Analyst,3,https://www.seek.com.au/Data-Analyst-jobs/in-All-Sydney-NSW?page=3,"['/job/33280583?type=standout&tier=no_tier&pos=41&whereid=1000&userqueryid=34d9cbff572c55facabf5594c267aaf2-7822836&ref=beta', '/job/33281468?type=standout&tier=no_tier&pos=42&whereid=1000&userqueryid=34d9cbff572c55facabf5594c267aaf2-7822836&ref=beta', '/job/33274732?type=standard&tier=no_tier&pos=43&whereid=1000&userqueryid=34d9cbff572c55facabf5594c267aaf2-7822836&ref=beta', '/job/33280070?type=standout&tier=no_tier&pos=44&whereid=1000&userqueryid=34d9cbff572c55facabf5594c267aaf2-7822836&ref=beta', '/job/33276462?type=standard&tier=no_tier&pos=45&whereid=1000&userqueryid=34d9cbff572c55facabf5594c267aaf2-7822836&ref=beta', '/job/33384667?type=standout&tier=no_tier&pos=46&whereid=1000&userqueryid=34d9cbff572c55facabf5594c267aaf2-7822836&ref=beta', '/job/33384146?type=standout&tier=no_tier&pos=47&whereid=1000&userqueryid=34d9cbff572c55facabf5594c267aaf2-7822836&ref=beta', '/job/33277631?type=standard&tier=no_tier&pos=48&whereid=1000&userqueryid=34d9cbff572c55facabf5594c267aaf2-7822836&ref=beta', '/job/33276279?type=standout&tier=no_tier&pos=49&whereid=1000&userqueryid=34d9cbff572c55facabf5594c267aaf2-7822836&ref=beta', '/job/33271205?type=standout&tier=no_tier&pos=50&whereid=1000&userqueryid=34d9cbff572c55facabf5594c267aaf2-7822836&ref=beta', '/job/33383518?type=standout&tier=no_tier&pos=51&whereid=1000&userqueryid=34d9cbff572c55facabf5594c267aaf2-7822836&ref=beta', '/job/33269672?type=standout&tier=no_tier&pos=52&whereid=1000&userqueryid=34d9cbff572c55facabf5594c267aaf2-7822836&ref=beta', '/job/33385976?type=standard&tier=no_tier&pos=53&whereid=1000&userqueryid=34d9cbff572c55facabf5594c267aaf2-7822836&ref=beta', '/job/33383158?type=standout&tier=no_tier&pos=54&whereid=1000&userqueryid=34d9cbff572c55facabf5594c267aaf2-7822836&ref=beta', '/job/33262054?type=standard&tier=no_tier&pos=55&whereid=1000&userqueryid=34d9cbff572c55facabf5594c267aaf2-7822836&ref=beta', '/job/33261682?type=standard&tier=no_tier&pos=56&whereid=1000&userqueryid=34d9cbff572c55facabf5594c267aaf2-7822836&ref=beta', '/job/33260412?type=standout&tier=no_tier&pos=57&whereid=1000&userqueryid=34d9cbff572c55facabf5594c267aaf2-7822836&ref=beta', '/job/33258309?type=standout&tier=no_tier&pos=58&whereid=1000&userqueryid=34d9cbff572c55facabf5594c267aaf2-7822836&ref=beta', '/job/33375341?type=standard&tier=no_tier&pos=59&whereid=1000&userqueryid=34d9cbff572c55facabf5594c267aaf2-7822836&ref=beta', '/job/33359004?type=standout&tier=no_tier&pos=60&whereid=1000&userqueryid=34d9cbff572c55facabf5594c267aaf2-7822836&ref=beta']"
Data-Analyst,4,https://www.seek.com.au/Data-Analyst-jobs/in-All-Sydney-NSW?page=4,"['/job/33375580?type=standard&tier=no_tier&pos=61&whereid=1000&userqueryid=34d9cbff572c55facabf5594c267aaf2-7823443&ref=beta', '/job/33374451?type=standout&tier=no_tier&pos=62&whereid=1000&userqueryid=34d9cbff572c55facabf5594c267aaf2-7823443&ref=beta', '/job/33343296?type=standout&tier=no_tier&pos=63&whereid=1000&userqueryid=34d9cbff572c55facabf5594c267aaf2-7823443&ref=beta', '/job/33343248?type=standard&tier=no_tier&pos=64&whereid=1000&userqueryid=34d9cbff572c55facabf5594c267aaf2-7823443&ref=beta', '/job/33360188?type=standout&tier=no_tier&pos=65&whereid=1000&userqueryid=34d9cbff572c55facabf5594c267aaf2-7823443&ref=beta', '/job/33369825?type=standard&tier=no_tier&pos=66&whereid=1000&userqueryid=34d9cbff572c55facabf5594c267aaf2-7823443&ref=beta', '/job/33365318?type=standout&tier=no_tier&pos=67&whereid=1000&userqueryid=34d9cbff572c55facabf5594c267aaf2-7823443&ref=beta', '/job/33346156?type=standard&tier=no_tier&pos=68&whereid=1000&userqueryid=34d9cbff572c55facabf5594c267aaf2-7823443&ref=beta', '/job/33357021?type=standout&tier=no_tier&pos=69&whereid=1000&userqueryid=34d9cbff572c55facabf5594c267aaf2-7823443&ref=beta', '/job/33317713?type=standard&tier=no_tier&pos=70&whereid=1000&userqueryid=34d9cbff572c55facabf5594c267aaf2-7823443&ref=beta', '/job/33311427?type=standout&tier=no_tier&pos=71&whereid=1000&userqueryid=34d9cbff572c55facabf5594c267aaf2-7823443&ref=beta', '/job/33335665?type=standout&tier=no_tier&pos=72&whereid=1000&userqueryid=34d9cbff572c55facabf5594c267aaf2-7823443&ref=beta', '/job/33334727?type=standout&tier=no_tier&pos=73&whereid=1000&userqueryid=34d9cbff572c55facabf5594c267aaf2-7823443&ref=beta', '/job/33304656?type=standout&tier=no_tier&pos=74&whereid=1000&userqueryid=34d9cbff572c55facabf5594c267aaf2-7823443&ref=beta', '/job/33247467?type=standard&tier=no_tier&pos=75&whereid=1000&userqueryid=34d9cbff572c55facabf5594c267aaf2-7823443&ref=beta', '/job/33324238?type=standout&tier=no_tier&pos=76&whereid=1000&userqueryid=34d9cbff572c55facabf5594c267aaf2-7823443&ref=beta', '/job/33324237?type=standout&tier=no_tier&pos=77&whereid=1000&userqueryid=34d9cbff572c55facabf5594c267aaf2-7823443&ref=beta', '/job/33245501?type=standout&tier=no_tier&pos=78&whereid=1000&userqueryid=34d9cbff572c55facabf5594c267aaf2-7823443&ref=beta', '/job/33245829?type=standout&tier=no_tier&pos=79&whereid=1000&userqueryid=34d9cbff572c55facabf5594c267aaf2-7823443&ref=beta', '/job/33307941?type=standout&tier=no_tier&pos=80&whereid=1000&userqueryid=34d9cbff572c55facabf5594c267aaf2-7823443&ref=beta']"
Data-Analyst,5,https://www.seek.com.au/Data-Analyst-jobs/in-All-Sydney-NSW?page=5,"['/job/33235427?type=standout&tier=no_tier&pos=81&whereid=1000&userqueryid=34d9cbff572c55facabf5594c267aaf2-7824070&ref=beta', '/job/33232955?type=standard&tier=no_tier&pos=82&whereid=1000&userqueryid=34d9cbff572c55facabf5594c267aaf2-7824070&ref=beta', '/job/33299568?type=standard&tier=no_tier&pos=83&whereid=1000&userqueryid=34d9cbff572c55facabf5594c267aaf2-7824070&ref=beta', '/job/33293218?type=standout&tier=no_tier&pos=84&whereid=1000&userqueryid=34d9cbff572c55facabf5594c267aaf2-7824070&ref=beta', '/job/33228107?type=standard&tier=no_tier&pos=85&whereid=1000&userqueryid=34d9cbff572c55facabf5594c267aaf2-7824070&ref=beta', '/job/33225898?type=standard&tier=no_tier&pos=86&whereid=1000&userqueryid=34d9cbff572c55facabf5594c267aaf2-7824070&ref=beta', '/job/33224806?type=standard&tier=no_tier&pos=87&whereid=1000&userqueryid=34d9cbff572c55facabf5594c267aaf2-7824070&ref=beta', '/job/33222547?type=standout&tier=no_tier&pos=88&whereid=1000&userqueryid=34d9cbff572c55facabf5594c267aaf2-7824070&ref=beta', '/job/33222150?type=standard&tier=no_tier&pos=89&whereid=1000&userqueryid=34d9cbff572c55facabf5594c267aaf2-7824070&ref=beta', '/job/33220739?type=standard&tier=no_tier&pos=90&whereid=1000&userqueryid=34d9cbff572c55facabf5594c267aaf2-7824070&ref=beta', '/job/33224758?type=standout&tier=no_tier&pos=91&whereid=1000&userqueryid=34d9cbff572c55facabf5594c267aaf2-7824070&ref=beta', '/job/33386624?type=standout&tier=no_tier&pos=92&whereid=1000&userqueryid=34d9cbff572c55facabf5594c267aaf2-7824070&ref=beta', '/job/33221241?type=standout&tier=no_tier&pos=93&whereid=1000&userqueryid=34d9cbff572c55facabf5594c267aaf2-7824070&ref=beta', '/job/33278796?type=standout&tier=no_tier&pos=94&whereid=1000&userqueryid=34d9cbff572c55facabf5594c267aaf2-7824070&ref=beta', '/job/33211925?type=standout&tier=no_tier&pos=95&whereid=1000&userqueryid=34d9cbff572c55facabf5594c267aaf2-7824070&ref=beta', '/job/33210460?type=standard&tier=no_tier&pos=96&whereid=1000&userqueryid=34d9cbff572c55facabf5594c267aaf2-7824070&ref=beta', '/job/33216807?type=standout&tier=no_tier&pos=97&whereid=1000&userqueryid=34d9cbff572c55facabf5594c267aaf2-7824070&ref=beta', '/job/33210784?type=standard&tier=no_tier&pos=98&whereid=1000&userqueryid=34d9cbff572c55facabf5594c267aaf2-7824070&ref=beta', '/job/33210428?type=standard&tier=no_tier&pos=99&whereid=1000&userqueryid=34d9cbff572c55facabf5594c267aaf2-7824070&ref=beta', '/job/33277482?type=standout&tier=no_tier&pos=100&whereid=1000&userqueryid=34d9cbff572c55facabf5594c267aaf2-7824070&ref=beta']"
Data-Analyst,6,https://www.seek.com.au/Data-Analyst-jobs/in-All-Sydney-NSW?page=6,"['/job/33277483?type=standout&tier=no_tier&pos=101&whereid=1000&userqueryid=34d9cbff572c55facabf5594c267aaf2-7824656&ref=beta', '/job/33277482?type=standout&tier=no_tier&pos=102&whereid=1000&userqueryid=34d9cbff572c55facabf5594c267aaf2-7824656&ref=beta', '/job/33376609?type=standard&tier=no_tier&pos=103&whereid=1000&userqueryid=34d9cbff572c55facabf5594c267aaf2-7824656&ref=beta', '/job/33376612?type=standard&tier=no_tier&pos=104&whereid=1000&userqueryid=34d9cbff572c55facabf5594c267aaf2-7824656&ref=beta', '/job/33388788?type=standout&tier=no_tier&pos=105&whereid=1000&userqueryid=34d9cbff572c55facabf5594c267aaf2-7824656&ref=beta', '/job/33268120?type=standout&tier=no_tier&pos=106&whereid=1000&userqueryid=34d9cbff572c55facabf5594c267aaf2-7824656&ref=beta', '/job/33348595?type=standard&tier=no_tier&pos=107&whereid=1000&userqueryid=34d9cbff572c55facabf5594c267aaf2-7824656&ref=beta', '/job/33348596?type=standard&tier=no_tier&pos=108&whereid=1000&userqueryid=34d9cbff572c55facabf5594c267aaf2-7824656&ref=beta', '/job/33348401?type=standard&tier=no_tier&pos=109&whereid=1000&userqueryid=34d9cbff572c55facabf5594c267aaf2-7824656&ref=beta', '/job/33348402?type=standard&tier=no_tier&pos=110&whereid=1000&userqueryid=34d9cbff572c55facabf5594c267aaf2-7824656&ref=beta', '/job/33328997?type=standard&tier=no_tier&pos=111&whereid=1000&userqueryid=34d9cbff572c55facabf5594c267aaf2-7824656&ref=beta', '/job/33204946?type=standard&tier=no_tier&pos=112&whereid=1000&userqueryid=34d9cbff572c55facabf5594c267aaf2-7824656&ref=beta', '/job/33200124?type=standard&tier=no_tier&pos=113&whereid=1000&userqueryid=34d9cbff572c55facabf5594c267aaf2-7824656&ref=beta', '/job/33202054?type=standout&tier=no_tier&pos=114&whereid=1000&userqueryid=34d9cbff572c55facabf5594c267aaf2-7824656&ref=beta', '/job/33200344?type=standout&tier=no_tier&pos=115&whereid=1000&userqueryid=34d9cbff572c55facabf5594c267aaf2-7824656&ref=beta', '/job/33198326?type=standard&tier=no_tier&pos=116&whereid=1000&userqueryid=34d9cbff572c55facabf5594c267aaf2-7824656&ref=beta', '/job/33359641?type=standard&tier=no_tier&pos=117&whereid=1000&userqueryid=34d9cbff572c55facabf5594c267aaf2-7824656&ref=beta', '/job/33194243?type=standard&tier=no_tier&pos=118&whereid=1000&userqueryid=34d9cbff572c55facabf5594c267aaf2-7824656&ref=beta', '/job/33191266?type=standout&tier=no_tier&pos=119&whereid=1000&userqueryid=34d9cbff572c55facabf5594c267aaf2-7824656&ref=beta', '/job/33189567?type=standard&tier=no_tier&pos=120&whereid=1000&userqueryid=34d9cbff572c55facabf5594c267aaf2-7824656&ref=beta']"
Data-Analyst,7,https://www.seek.com.au/Data-Analyst-jobs/in-All-Sydney-NSW?page=7,"['/job/33192792?type=standout&tier=no_tier&pos=121&whereid=1000&userqueryid=34d9cbff572c55facabf5594c267aaf2-7825240&ref=beta', '/job/33241249?type=standard&tier=no_tier&pos=122&whereid=1000&userqueryid=34d9cbff572c55facabf5594c267aaf2-7825240&ref=beta', '/job/33188812?type=standout&tier=no_tier&pos=123&whereid=1000&userqueryid=34d9cbff572c55facabf5594c267aaf2-7825240&ref=beta', '/job/33188669?type=standard&tier=no_tier&pos=124&whereid=1000&userqueryid=34d9cbff572c55facabf5594c267aaf2-7825240&ref=beta', '/job/33187786?type=standout&tier=no_tier&pos=125&whereid=1000&userqueryid=34d9cbff572c55facabf5594c267aaf2-7825240&ref=beta', '/job/33389492?type=standard&tier=no_tier&pos=126&whereid=1000&userqueryid=34d9cbff572c55facabf5594c267aaf2-7825240&ref=beta', '/job/33390103?type=standout&tier=no_tier&pos=127&whereid=1000&userqueryid=34d9cbff572c55facabf5594c267aaf2-7825240&ref=beta', '/job/33336523?type=standard&tier=no_tier&pos=128&whereid=1000&userqueryid=34d9cbff572c55facabf5594c267aaf2-7825240&ref=beta', '/job/33388237?type=standout&tier=no_tier&pos=129&whereid=1000&userqueryid=34d9cbff572c55facabf5594c267aaf2-7825240&ref=beta', '/job/33336431?type=standard&tier=no_tier&pos=130&whereid=1000&userqueryid=34d9cbff572c55facabf5594c267aaf2-7825240&ref=beta', '/job/33335554?type=standard&tier=no_tier&pos=131&whereid=1000&userqueryid=34d9cbff572c55facabf5594c267aaf2-7825240&ref=beta', '/job/33371084?type=standout&tier=no_tier&pos=132&whereid=1000&userqueryid=34d9cbff572c55facabf5594c267aaf2-7825240&ref=beta', '/job/33315813?type=standard&tier=no_tier&pos=133&whereid=1000&userqueryid=34d9cbff572c55facabf5594c267aaf2-7825240&ref=beta', '/job/33292337?type=standout&tier=no_tier&pos=134&whereid=1000&userqueryid=34d9cbff572c55facabf5594c267aaf2-7825240&ref=beta', '/job/33370861?type=standout&tier=no_tier&pos=135&whereid=1000&userqueryid=34d9cbff572c55facabf5594c267aaf2-7825240&ref=beta', '/job/33227027?type=standard&tier=no_tier&pos=136&whereid=1000&userqueryid=34d9cbff572c55facabf5594c267aaf2-7825240&ref=beta', '/job/33364655?type=standard&tier=no_tier&pos=137&whereid=1000&userqueryid=34d9cbff572c55facabf5594c267aaf2-7825240&ref=beta', '/job/33363371?type=standard&tier=no_tier&pos=138&whereid=1000&userqueryid=34d9cbff572c55facabf5594c267aaf2-7825240&ref=beta', '/job/33210746?type=standout&tier=no_tier&pos=139&whereid=1000&userqueryid=34d9cbff572c55facabf5594c267aaf2-7825240&ref=beta', '/job/33357016?type=standout&tier=no_tier&pos=140&whereid=1000&userqueryid=34d9cbff572c55facabf5594c267aaf2-7825240&ref=beta']"
Data-Analyst,8,https://www.seek.com.au/Data-Analyst-jobs/in-All-Sydney-NSW?page=8,"['/job/33352967?type=standard&tier=no_tier&pos=141&whereid=1000&userqueryid=34d9cbff572c55facabf5594c267aaf2-7825910&ref=beta', '/job/33350365?type=standard&tier=no_tier&pos=142&whereid=1000&userqueryid=34d9cbff572c55facabf5594c267aaf2-7825910&ref=beta', '/job/33260332?type=standard&tier=no_tier&pos=143&whereid=1000&userqueryid=34d9cbff572c55facabf5594c267aaf2-7825910&ref=beta', '/job/33347766?type=standout&tier=no_tier&pos=144&whereid=1000&userqueryid=34d9cbff572c55facabf5594c267aaf2-7825910&ref=beta', '/job/33347545?type=standout&tier=no_tier&pos=145&whereid=1000&userqueryid=34d9cbff572c55facabf5594c267aaf2-7825910&ref=beta', '/job/33217272?type=standard&tier=no_tier&pos=146&whereid=1000&userqueryid=34d9cbff572c55facabf5594c267aaf2-7825910&ref=beta', '/job/33340533?type=standout&tier=no_tier&pos=147&whereid=1000&userqueryid=34d9cbff572c55facabf5594c267aaf2-7825910&ref=beta', '/job/33292057?type=standard&tier=no_tier&pos=148&whereid=1000&userqueryid=34d9cbff572c55facabf5594c267aaf2-7825910&ref=beta', '/job/33332069?type=standout&tier=no_tier&pos=149&whereid=1000&userqueryid=34d9cbff572c55facabf5594c267aaf2-7825910&ref=beta', '/job/33210491?type=standard&tier=no_tier&pos=150&whereid=1000&userqueryid=34d9cbff572c55facabf5594c267aaf2-7825910&ref=beta', '/job/33330769?type=standard&tier=no_tier&pos=151&whereid=1000&userqueryid=34d9cbff572c55facabf5594c267aaf2-7825910&ref=beta', '/job/33383107?type=standard&tier=no_tier&pos=152&whereid=1000&userqueryid=34d9cbff572c55facabf5594c267aaf2-7825910&ref=beta', '/job/33325504?type=standout&tier=no_tier&pos=153&whereid=1000&userqueryid=34d9cbff572c55facabf5594c267aaf2-7825910&ref=beta', '/job/33378604?type=standard&tier=no_tier&pos=154&whereid=1000&userqueryid=34d9cbff572c55facabf5594c267aaf2-7825910&ref=beta', '/job/33304644?type=standout&tier=no_tier&pos=155&whereid=1000&userqueryid=34d9cbff572c55facabf5594c267aaf2-7825910&ref=beta', '/job/33304633?type=standard&tier=no_tier&pos=156&whereid=1000&userqueryid=34d9cbff572c55facabf5594c267aaf2-7825910&ref=beta', '/job/33303737?type=standard&tier=no_tier&pos=157&whereid=1000&userqueryid=34d9cbff572c55facabf5594c267aaf2-7825910&ref=beta', '/job/33252027?type=standout&tier=no_tier&pos=158&whereid=1000&userqueryid=34d9cbff572c55facabf5594c267aaf2-7825910&ref=beta', '/job/33301950?type=standard&tier=no_tier&pos=159&whereid=1000&userqueryid=34d9cbff572c55facabf5594c267aaf2-7825910&ref=beta', '/job/33298660?type=standard&tier=no_tier&pos=160&whereid=1000&userqueryid=34d9cbff572c55facabf5594c267aaf2-7825910&ref=beta']"
Data-Analyst,9,https://www.seek.com.au/Data-Analyst-jobs/in-All-Sydney-NSW?page=9,"['/job/33297960?type=standout&tier=no_tier&pos=161&whereid=1000&userqueryid=34d9cbff572c55facabf5594c267aaf2-7826452&ref=beta', '/job/33202495?type=standard&tier=no_tier&pos=162&whereid=1000&userqueryid=34d9cbff572c55facabf5594c267aaf2-7826452&ref=beta', '/job/33285665?type=standout&tier=no_tier&pos=163&whereid=1000&userqueryid=34d9cbff572c55facabf5594c267aaf2-7826452&ref=beta', '/job/33324793?type=standout&tier=no_tier&pos=164&whereid=1000&userqueryid=34d9cbff572c55facabf5594c267aaf2-7826452&ref=beta', '/job/33196680?type=standard&tier=no_tier&pos=165&whereid=1000&userqueryid=34d9cbff572c55facabf5594c267aaf2-7826452&ref=beta', '/job/33187943?type=standard&tier=no_tier&pos=166&whereid=1000&userqueryid=34d9cbff572c55facabf5594c267aaf2-7826452&ref=beta', '/job/33284422?type=standout&tier=no_tier&pos=167&whereid=1000&userqueryid=34d9cbff572c55facabf5594c267aaf2-7826452&ref=beta', '/job/33336173?type=standout&tier=no_tier&pos=168&whereid=1000&userqueryid=34d9cbff572c55facabf5594c267aaf2-7826452&ref=beta', '/job/33334903?type=standard&tier=no_tier&pos=169&whereid=1000&userqueryid=34d9cbff572c55facabf5594c267aaf2-7826452&ref=beta', '/job/33284105?type=standard&tier=no_tier&pos=170&whereid=1000&userqueryid=34d9cbff572c55facabf5594c267aaf2-7826452&ref=beta', '/job/33329261?type=standout&tier=no_tier&pos=171&whereid=1000&userqueryid=34d9cbff572c55facabf5594c267aaf2-7826452&ref=beta', '/job/33329262?type=standout&tier=no_tier&pos=172&whereid=1000&userqueryid=34d9cbff572c55facabf5594c267aaf2-7826452&ref=beta', '/job/33329263?type=standout&tier=no_tier&pos=173&whereid=1000&userqueryid=34d9cbff572c55facabf5594c267aaf2-7826452&ref=beta', '/job/33328986?type=standard&tier=no_tier&pos=174&whereid=1000&userqueryid=34d9cbff572c55facabf5594c267aaf2-7826452&ref=beta', '/job/33318704?type=standout&tier=no_tier&pos=175&whereid=1000&userqueryid=34d9cbff572c55facabf5594c267aaf2-7826452&ref=beta', '/job/33275426?type=standard&tier=no_tier&pos=176&whereid=1000&userqueryid=34d9cbff572c55facabf5594c267aaf2-7826452&ref=beta', '/job/33236325?type=standard&tier=no_tier&pos=177&whereid=1000&userqueryid=34d9cbff572c55facabf5594c267aaf2-7826452&ref=beta', '/job/33314210?type=standout&tier=no_tier&pos=178&whereid=1000&userqueryid=34d9cbff572c55facabf5594c267aaf2-7826452&ref=beta', '/job/33272130?type=standout&tier=no_tier&pos=179&whereid=1000&userqueryid=34d9cbff572c55facabf5594c267aaf2-7826452&ref=beta', '/job/33266316?type=standard&tier=no_tier&pos=180&whereid=1000&userqueryid=34d9cbff572c55facabf5594c267aaf2-7826452&ref=beta']"
Data-Analyst,10,https://www.seek.com.au/Data-Analyst-jobs/in-All-Sydney-NSW?page=10,"['/job/33225158?type=standout&tier=no_tier&pos=181&whereid=1000&userqueryid=34d9cbff572c55facabf5594c267aaf2-7827383&ref=beta', '/job/33262763?type=standard&tier=no_tier&pos=182&whereid=1000&userqueryid=34d9cbff572c55facabf5594c267aaf2-7827383&ref=beta', '/job/33222359?type=standard&tier=no_tier&pos=183&whereid=1000&userqueryid=34d9cbff572c55facabf5594c267aaf2-7827383&ref=beta', '/job/31419293?type=standout&tier=no_tier&pos=184&whereid=1000&userqueryid=34d9cbff572c55facabf5594c267aaf2-7827383&ref=beta', '/job/31419294?type=standout&tier=no_tier&pos=185&whereid=1000&userqueryid=34d9cbff572c55facabf5594c267aaf2-7827383&ref=beta', '/job/33246584?type=standard&tier=no_tier&pos=186&whereid=1000&userqueryid=34d9cbff572c55facabf5594c267aaf2-7827383&ref=beta', '/job/33214991?type=standard&tier=no_tier&pos=187&whereid=1000&userqueryid=34d9cbff572c55facabf5594c267aaf2-7827383&ref=beta', '/job/33251104?type=standout&tier=no_tier&pos=188&whereid=1000&userqueryid=34d9cbff572c55facabf5594c267aaf2-7827383&ref=beta', '/job/33262071?type=standout&tier=no_tier&pos=189&whereid=1000&userqueryid=34d9cbff572c55facabf5594c267aaf2-7827383&ref=beta', '/job/33260170?type=standout&tier=no_tier&pos=190&whereid=1000&userqueryid=34d9cbff572c55facabf5594c267aaf2-7827383&ref=beta', '/job/33256476?type=standard&tier=no_tier&pos=191&whereid=1000&userqueryid=34d9cbff572c55facabf5594c267aaf2-7827383&ref=beta', '/job/33200093?type=standard&tier=no_tier&pos=192&whereid=1000&userqueryid=34d9cbff572c55facabf5594c267aaf2-7827383&ref=beta', '/job/33222458?type=standout&tier=no_tier&pos=193&whereid=1000&userqueryid=34d9cbff572c55facabf5594c267aaf2-7827383&ref=beta', '/job/33229766?type=standard&tier=no_tier&pos=194&whereid=1000&userqueryid=34d9cbff572c55facabf5594c267aaf2-7827383&ref=beta', '/job/33226883?type=standard&tier=no_tier&pos=195&whereid=1000&userqueryid=34d9cbff572c55facabf5594c267aaf2-7827383&ref=beta', '/job/33224090?type=standard&tier=no_tier&pos=196&whereid=1000&userqueryid=34d9cbff572c55facabf5594c267aaf2-7827383&ref=beta', '/job/33128922?type=standard&tier=no_tier&pos=197&whereid=1000&userqueryid=34d9cbff572c55facabf5594c267aaf2-7827383&ref=beta', '/job/33120415?type=standard&tier=no_tier&pos=198&whereid=1000&userqueryid=34d9cbff572c55facabf5594c267aaf2-7827383&ref=beta', '/job/33225689?type=standout&tier=no_tier&pos=199&whereid=1000&userqueryid=34d9cbff572c55facabf5594c267aaf2-7827383&ref=beta', '/job/33200151?type=standard&tier=no_tier&pos=200&whereid=1000&userqueryid=34d9cbff572c55facabf5594c267aaf2-7827383&ref=beta']"
Business-Intelligence,1,https://www.seek.com.au/Business-Intelligence-jobs/in-All-Sydney-NSW,"['/job/33390678?type=standout&tier=no_tier&pos=1&whereid=1000&userqueryid=fb5a62bdb0da69453d685092fd3d8543-7828065&ref=beta', '/job/33388174?type=standout&tier=no_tier&pos=2&whereid=1000&userqueryid=fb5a62bdb0da69453d685092fd3d8543-7828065&ref=beta', '/job/33385497?type=standout&tier=no_tier&pos=3&whereid=1000&userqueryid=fb5a62bdb0da69453d685092fd3d8543-7828065&ref=beta', '/job/33374828?type=standout&tier=no_tier&pos=4&whereid=1000&userqueryid=fb5a62bdb0da69453d685092fd3d8543-7828065&ref=beta', '/job/33373937?type=standard&tier=no_tier&pos=5&whereid=1000&userqueryid=fb5a62bdb0da69453d685092fd3d8543-7828065&ref=beta', '/job/33369825?type=standard&tier=no_tier&pos=6&whereid=1000&userqueryid=fb5a62bdb0da69453d685092fd3d8543-7828065&ref=beta', '/job/33368324?type=standard&tier=no_tier&pos=7&whereid=1000&userqueryid=fb5a62bdb0da69453d685092fd3d8543-7828065&ref=beta', '/job/33365412?type=standard&tier=no_tier&pos=8&whereid=1000&userqueryid=fb5a62bdb0da69453d685092fd3d8543-7828065&ref=beta', '/job/33364983?type=standout&tier=no_tier&pos=9&whereid=1000&userqueryid=fb5a62bdb0da69453d685092fd3d8543-7828065&ref=beta', '/job/33359641?type=standard&tier=no_tier&pos=10&whereid=1000&userqueryid=fb5a62bdb0da69453d685092fd3d8543-7828065&ref=beta', '/job/33358458?type=standout&tier=no_tier&pos=11&whereid=1000&userqueryid=fb5a62bdb0da69453d685092fd3d8543-7828065&ref=beta', '/job/33358459?type=standout&tier=no_tier&pos=12&whereid=1000&userqueryid=fb5a62bdb0da69453d685092fd3d8543-7828065&ref=beta', '/job/33343477?type=standout&tier=no_tier&pos=13&whereid=1000&userqueryid=fb5a62bdb0da69453d685092fd3d8543-7828065&ref=beta', '/job/33345456?type=standout&tier=no_tier&pos=14&whereid=1000&userqueryid=fb5a62bdb0da69453d685092fd3d8543-7828065&ref=beta', '/job/33336431?type=standard&tier=no_tier&pos=15&whereid=1000&userqueryid=fb5a62bdb0da69453d685092fd3d8543-7828065&ref=beta', '/job/33335554?type=standard&tier=no_tier&pos=16&whereid=1000&userqueryid=fb5a62bdb0da69453d685092fd3d8543-7828065&ref=beta', '/job/33328145?type=standard&tier=no_tier&pos=17&whereid=1000&userqueryid=fb5a62bdb0da69453d685092fd3d8543-7828065&ref=beta', '/job/33337703?type=standard&tier=no_tier&pos=18&whereid=1000&userqueryid=fb5a62bdb0da69453d685092fd3d8543-7828065&ref=beta', '/job/33337292?type=standard&tier=no_tier&pos=19&whereid=1000&userqueryid=fb5a62bdb0da69453d685092fd3d8543-7828065&ref=beta', '/job/33336843?type=standard&tier=no_tier&pos=20&whereid=1000&userqueryid=fb5a62bdb0da69453d685092fd3d8543-7828065&ref=beta']"
Business-Intelligence,2,https://www.seek.com.au/Business-Intelligence-jobs/in-All-Sydney-NSW?page=2,"['/job/33335514?type=standard&tier=no_tier&pos=21&whereid=1000&userqueryid=fb5a62bdb0da69453d685092fd3d8543-7828776&ref=beta', '/job/33332863?type=standout&tier=no_tier&pos=22&whereid=1000&userqueryid=fb5a62bdb0da69453d685092fd3d8543-7828776&ref=beta', '/job/33327500?type=standout&tier=no_tier&pos=23&whereid=1000&userqueryid=fb5a62bdb0da69453d685092fd3d8543-7828776&ref=beta', '/job/33319494?type=standard&tier=no_tier&pos=24&whereid=1000&userqueryid=fb5a62bdb0da69453d685092fd3d8543-7828776&ref=beta', '/job/33318539?type=standard&tier=no_tier&pos=25&whereid=1000&userqueryid=fb5a62bdb0da69453d685092fd3d8543-7828776&ref=beta', '/job/33319120?type=standout&tier=no_tier&pos=26&whereid=1000&userqueryid=fb5a62bdb0da69453d685092fd3d8543-7828776&ref=beta', '/job/33319493?type=standard&tier=no_tier&pos=27&whereid=1000&userqueryid=fb5a62bdb0da69453d685092fd3d8543-7828776&ref=beta', '/job/33323429?type=standout&tier=no_tier&pos=28&whereid=1000&userqueryid=fb5a62bdb0da69453d685092fd3d8543-7828776&ref=beta', '/job/33320558?type=standout&tier=no_tier&pos=29&whereid=1000&userqueryid=fb5a62bdb0da69453d685092fd3d8543-7828776&ref=beta', '/job/33315813?type=standard&tier=no_tier&pos=30&whereid=1000&userqueryid=fb5a62bdb0da69453d685092fd3d8543-7828776&ref=beta', '/job/33307941?type=standout&tier=no_tier&pos=31&whereid=1000&userqueryid=fb5a62bdb0da69453d685092fd3d8543-7828776&ref=beta', '/job/33303657?type=standard&tier=no_tier&pos=32&whereid=1000&userqueryid=fb5a62bdb0da69453d685092fd3d8543-7828776&ref=beta', '/job/33301950?type=standard&tier=no_tier&pos=33&whereid=1000&userqueryid=fb5a62bdb0da69453d685092fd3d8543-7828776&ref=beta', '/job/33303731?type=standard&tier=no_tier&pos=34&whereid=1000&userqueryid=fb5a62bdb0da69453d685092fd3d8543-7828776&ref=beta', '/job/33293110?type=standard&tier=no_tier&pos=35&whereid=1000&userqueryid=fb5a62bdb0da69453d685092fd3d8543-7828776&ref=beta', '/job/33283283?type=standout&tier=no_tier&pos=36&whereid=1000&userqueryid=fb5a62bdb0da69453d685092fd3d8543-7828776&ref=beta', '/job/33287189?type=standard&tier=no_tier&pos=37&whereid=1000&userqueryid=fb5a62bdb0da69453d685092fd3d8543-7828776&ref=beta', '/job/33292119?type=standout&tier=no_tier&pos=38&whereid=1000&userqueryid=fb5a62bdb0da69453d685092fd3d8543-7828776&ref=beta', '/job/33282909?type=standard&tier=no_tier&pos=39&whereid=1000&userqueryid=fb5a62bdb0da69453d685092fd3d8543-7828776&ref=beta', '/job/33281822?type=standout&tier=no_tier&pos=40&whereid=1000&userqueryid=fb5a62bdb0da69453d685092fd3d8543-7828776&ref=beta']"
Business-Intelligence,3,https://www.seek.com.au/Business-Intelligence-jobs/in-All-Sydney-NSW?page=3,"['/job/33281192?type=standard&tier=no_tier&pos=41&whereid=1000&userqueryid=fb5a62bdb0da69453d685092fd3d8543-7829378&ref=beta', '/job/33282336?type=standout&tier=no_tier&pos=42&whereid=1000&userqueryid=fb5a62bdb0da69453d685092fd3d8543-7829378&ref=beta', '/job/33276450?type=standard&tier=no_tier&pos=43&whereid=1000&userqueryid=fb5a62bdb0da69453d685092fd3d8543-7829378&ref=beta', '/job/33268093?type=standout&tier=no_tier&pos=44&whereid=1000&userqueryid=fb5a62bdb0da69453d685092fd3d8543-7829378&ref=beta', '/job/33264620?type=standard&tier=no_tier&pos=45&whereid=1000&userqueryid=fb5a62bdb0da69453d685092fd3d8543-7829378&ref=beta', '/job/33262770?type=standard&tier=no_tier&pos=46&whereid=1000&userqueryid=fb5a62bdb0da69453d685092fd3d8543-7829378&ref=beta', '/job/33269399?type=standard&tier=no_tier&pos=47&whereid=1000&userqueryid=fb5a62bdb0da69453d685092fd3d8543-7829378&ref=beta', '/job/33251721?type=standout&tier=no_tier&pos=48&whereid=1000&userqueryid=fb5a62bdb0da69453d685092fd3d8543-7829378&ref=beta', '/job/33332703?type=standout&tier=no_tier&pos=49&whereid=1000&userqueryid=fb5a62bdb0da69453d685092fd3d8543-7829378&ref=beta', '/job/33246780?type=standard&tier=no_tier&pos=50&whereid=1000&userqueryid=fb5a62bdb0da69453d685092fd3d8543-7829378&ref=beta', '/job/33242003?type=standard&tier=no_tier&pos=51&whereid=1000&userqueryid=fb5a62bdb0da69453d685092fd3d8543-7829378&ref=beta', '/job/33240115?type=standout&tier=no_tier&pos=52&whereid=1000&userqueryid=fb5a62bdb0da69453d685092fd3d8543-7829378&ref=beta', '/job/33228656?type=standout&tier=no_tier&pos=53&whereid=1000&userqueryid=fb5a62bdb0da69453d685092fd3d8543-7829378&ref=beta', '/job/33225614?type=standout&tier=no_tier&pos=54&whereid=1000&userqueryid=fb5a62bdb0da69453d685092fd3d8543-7829378&ref=beta', '/job/33228333?type=standout&tier=no_tier&pos=55&whereid=1000&userqueryid=fb5a62bdb0da69453d685092fd3d8543-7829378&ref=beta', '/job/33227681?type=standard&tier=no_tier&pos=56&whereid=1000&userqueryid=fb5a62bdb0da69453d685092fd3d8543-7829378&ref=beta', '/job/33225247?type=standout&tier=no_tier&pos=57&whereid=1000&userqueryid=fb5a62bdb0da69453d685092fd3d8543-7829378&ref=beta', '/job/33384044?type=standard&tier=no_tier&pos=58&whereid=1000&userqueryid=fb5a62bdb0da69453d685092fd3d8543-7829378&ref=beta', '/job/33214991?type=standard&tier=no_tier&pos=59&whereid=1000&userqueryid=fb5a62bdb0da69453d685092fd3d8543-7829378&ref=beta', '/job/33217607?type=standout&tier=no_tier&pos=60&whereid=1000&userqueryid=fb5a62bdb0da69453d685092fd3d8543-7829378&ref=beta']"
Business-Intelligence,4,https://www.seek.com.au/Business-Intelligence-jobs/in-All-Sydney-NSW?page=4,"['/job/33217606?type=standout&tier=no_tier&pos=61&whereid=1000&userqueryid=fb5a62bdb0da69453d685092fd3d8543-7830021&ref=beta', '/job/33215484?type=standout&tier=no_tier&pos=62&whereid=1000&userqueryid=fb5a62bdb0da69453d685092fd3d8543-7830021&ref=beta', '/job/33378809?type=standard&tier=no_tier&pos=63&whereid=1000&userqueryid=fb5a62bdb0da69453d685092fd3d8543-7830021&ref=beta', '/job/33373993?type=standard&tier=no_tier&pos=64&whereid=1000&userqueryid=fb5a62bdb0da69453d685092fd3d8543-7830021&ref=beta', '/job/33222130?type=standard&tier=no_tier&pos=65&whereid=1000&userqueryid=fb5a62bdb0da69453d685092fd3d8543-7830021&ref=beta', '/job/33357580?type=standout&tier=no_tier&pos=66&whereid=1000&userqueryid=fb5a62bdb0da69453d685092fd3d8543-7830021&ref=beta', '/job/33341881?type=standout&tier=no_tier&pos=67&whereid=1000&userqueryid=fb5a62bdb0da69453d685092fd3d8543-7830021&ref=beta', '/job/33341865?type=standard&tier=no_tier&pos=68&whereid=1000&userqueryid=fb5a62bdb0da69453d685092fd3d8543-7830021&ref=beta', '/job/33205903?type=standard&tier=no_tier&pos=69&whereid=1000&userqueryid=fb5a62bdb0da69453d685092fd3d8543-7830021&ref=beta', '/job/33336988?type=standard&tier=no_tier&pos=70&whereid=1000&userqueryid=fb5a62bdb0da69453d685092fd3d8543-7830021&ref=beta', '/job/33333773?type=standout&tier=no_tier&pos=71&whereid=1000&userqueryid=fb5a62bdb0da69453d685092fd3d8543-7830021&ref=beta', '/job/33328159?type=standard&tier=no_tier&pos=72&whereid=1000&userqueryid=fb5a62bdb0da69453d685092fd3d8543-7830021&ref=beta', '/job/33324793?type=standout&tier=no_tier&pos=73&whereid=1000&userqueryid=fb5a62bdb0da69453d685092fd3d8543-7830021&ref=beta', '/job/33191266?type=standout&tier=no_tier&pos=74&whereid=1000&userqueryid=fb5a62bdb0da69453d685092fd3d8543-7830021&ref=beta', '/job/33186498?type=standard&tier=no_tier&pos=75&whereid=1000&userqueryid=fb5a62bdb0da69453d685092fd3d8543-7830021&ref=beta', '/job/33302341?type=standout&tier=no_tier&pos=76&whereid=1000&userqueryid=fb5a62bdb0da69453d685092fd3d8543-7830021&ref=beta', '/job/33297959?type=standout&tier=no_tier&pos=77&whereid=1000&userqueryid=fb5a62bdb0da69453d685092fd3d8543-7830021&ref=beta', '/job/33391671?type=standout&tier=no_tier&pos=78&whereid=1000&userqueryid=fb5a62bdb0da69453d685092fd3d8543-7830021&ref=beta', '/job/33294260?type=standard&tier=no_tier&pos=79&whereid=1000&userqueryid=fb5a62bdb0da69453d685092fd3d8543-7830021&ref=beta', '/job/33390841?type=standout&tier=no_tier&pos=80&whereid=1000&userqueryid=fb5a62bdb0da69453d685092fd3d8543-7830021&ref=beta']"
Business-Intelligence,5,https://www.seek.com.au/Business-Intelligence-jobs/in-All-Sydney-NSW?page=5,"['/job/33390842?type=standout&tier=no_tier&pos=81&whereid=1000&userqueryid=fb5a62bdb0da69453d685092fd3d8543-7830614&ref=beta', '/job/33390778?type=standard&tier=no_tier&pos=82&whereid=1000&userqueryid=fb5a62bdb0da69453d685092fd3d8543-7830614&ref=beta', '/job/33390366?type=standout&tier=no_tier&pos=83&whereid=1000&userqueryid=fb5a62bdb0da69453d685092fd3d8543-7830614&ref=beta', '/job/33388179?type=standout&tier=no_tier&pos=84&whereid=1000&userqueryid=fb5a62bdb0da69453d685092fd3d8543-7830614&ref=beta', '/job/33387540?type=standard&tier=no_tier&pos=85&whereid=1000&userqueryid=fb5a62bdb0da69453d685092fd3d8543-7830614&ref=beta', '/job/33386802?type=standout&tier=no_tier&pos=86&whereid=1000&userqueryid=fb5a62bdb0da69453d685092fd3d8543-7830614&ref=beta', '/job/33386292?type=standard&tier=no_tier&pos=87&whereid=1000&userqueryid=fb5a62bdb0da69453d685092fd3d8543-7830614&ref=beta', '/job/33385919?type=standard&tier=no_tier&pos=88&whereid=1000&userqueryid=fb5a62bdb0da69453d685092fd3d8543-7830614&ref=beta', '/job/33374551?type=standout&tier=no_tier&pos=89&whereid=1000&userqueryid=fb5a62bdb0da69453d685092fd3d8543-7830614&ref=beta', '/job/33382953?type=standard&tier=no_tier&pos=90&whereid=1000&userqueryid=fb5a62bdb0da69453d685092fd3d8543-7830614&ref=beta', '/job/32745958?type=standard&tier=no_tier&pos=91&whereid=1000&userqueryid=fb5a62bdb0da69453d685092fd3d8543-7830614&ref=beta', '/job/33379704?type=standard&tier=no_tier&pos=92&whereid=1000&userqueryid=fb5a62bdb0da69453d685092fd3d8543-7830614&ref=beta', '/job/33379159?type=standout&tier=no_tier&pos=93&whereid=1000&userqueryid=fb5a62bdb0da69453d685092fd3d8543-7830614&ref=beta', '/job/33379109?type=standard&tier=no_tier&pos=94&whereid=1000&userqueryid=fb5a62bdb0da69453d685092fd3d8543-7830614&ref=beta', '/job/33378873?type=standout&tier=no_tier&pos=95&whereid=1000&userqueryid=fb5a62bdb0da69453d685092fd3d8543-7830614&ref=beta', '/job/33360259?type=standout&tier=no_tier&pos=96&whereid=1000&userqueryid=fb5a62bdb0da69453d685092fd3d8543-7830614&ref=beta', '/job/33377771?type=standard&tier=no_tier&pos=97&whereid=1000&userqueryid=fb5a62bdb0da69453d685092fd3d8543-7830614&ref=beta', '/job/33377666?type=standard&tier=no_tier&pos=98&whereid=1000&userqueryid=fb5a62bdb0da69453d685092fd3d8543-7830614&ref=beta', '/job/33376789?type=standout&tier=no_tier&pos=99&whereid=1000&userqueryid=fb5a62bdb0da69453d685092fd3d8543-7830614&ref=beta', '/job/33376435?type=standard&tier=no_tier&pos=100&whereid=1000&userqueryid=fb5a62bdb0da69453d685092fd3d8543-7830614&ref=beta']"
Business-Intelligence,6,https://www.seek.com.au/Business-Intelligence-jobs/in-All-Sydney-NSW?page=6,"['/job/33374012?type=standard&tier=no_tier&pos=101&whereid=1000&userqueryid=fb5a62bdb0da69453d685092fd3d8543-7831501&ref=beta', '/job/33373991?type=standard&tier=no_tier&pos=102&whereid=1000&userqueryid=fb5a62bdb0da69453d685092fd3d8543-7831501&ref=beta', '/job/33372940?type=standout&tier=no_tier&pos=103&whereid=1000&userqueryid=fb5a62bdb0da69453d685092fd3d8543-7831501&ref=beta', '/job/33372588?type=standard&tier=no_tier&pos=104&whereid=1000&userqueryid=fb5a62bdb0da69453d685092fd3d8543-7831501&ref=beta', '/job/33372421?type=standout&tier=no_tier&pos=105&whereid=1000&userqueryid=fb5a62bdb0da69453d685092fd3d8543-7831501&ref=beta', '/job/33369918?type=standard&tier=no_tier&pos=106&whereid=1000&userqueryid=fb5a62bdb0da69453d685092fd3d8543-7831501&ref=beta', '/job/33369439?type=standard&tier=no_tier&pos=107&whereid=1000&userqueryid=fb5a62bdb0da69453d685092fd3d8543-7831501&ref=beta', '/job/33368868?type=standard&tier=no_tier&pos=108&whereid=1000&userqueryid=fb5a62bdb0da69453d685092fd3d8543-7831501&ref=beta', '/job/33368264?type=standard&tier=no_tier&pos=109&whereid=1000&userqueryid=fb5a62bdb0da69453d685092fd3d8543-7831501&ref=beta', '/job/33364810?type=standard&tier=no_tier&pos=110&whereid=1000&userqueryid=fb5a62bdb0da69453d685092fd3d8543-7831501&ref=beta', '/job/33364673?type=standard&tier=no_tier&pos=111&whereid=1000&userqueryid=fb5a62bdb0da69453d685092fd3d8543-7831501&ref=beta', '/job/33363547?type=standout&tier=no_tier&pos=112&whereid=1000&userqueryid=fb5a62bdb0da69453d685092fd3d8543-7831501&ref=beta', '/job/33362201?type=standard&tier=no_tier&pos=113&whereid=1000&userqueryid=fb5a62bdb0da69453d685092fd3d8543-7831501&ref=beta', '/job/33363863?type=standard&tier=no_tier&pos=114&whereid=1000&userqueryid=fb5a62bdb0da69453d685092fd3d8543-7831501&ref=beta', '/job/33360635?type=standout&tier=no_tier&pos=115&whereid=1000&userqueryid=fb5a62bdb0da69453d685092fd3d8543-7831501&ref=beta', '/job/33360152?type=standard&tier=no_tier&pos=116&whereid=1000&userqueryid=fb5a62bdb0da69453d685092fd3d8543-7831501&ref=beta', '/job/33359980?type=standard&tier=no_tier&pos=117&whereid=1000&userqueryid=fb5a62bdb0da69453d685092fd3d8543-7831501&ref=beta', '/job/33359979?type=standard&tier=no_tier&pos=118&whereid=1000&userqueryid=fb5a62bdb0da69453d685092fd3d8543-7831501&ref=beta', '/job/33359902?type=standard&tier=no_tier&pos=119&whereid=1000&userqueryid=fb5a62bdb0da69453d685092fd3d8543-7831501&ref=beta', '/job/33318170?type=standard&tier=no_tier&pos=120&whereid=1000&userqueryid=fb5a62bdb0da69453d685092fd3d8543-7831501&ref=beta']"
Business-Intelligence,7,https://www.seek.com.au/Business-Intelligence-jobs/in-All-Sydney-NSW?page=7,"['/job/33358769?type=standard&tier=no_tier&pos=121&whereid=1000&userqueryid=fb5a62bdb0da69453d685092fd3d8543-7832149&ref=beta', '/job/33358637?type=standout&tier=no_tier&pos=122&whereid=1000&userqueryid=fb5a62bdb0da69453d685092fd3d8543-7832149&ref=beta', '/job/33358622?type=standout&tier=no_tier&pos=123&whereid=1000&userqueryid=fb5a62bdb0da69453d685092fd3d8543-7832149&ref=beta', '/job/33353254?type=standard&tier=no_tier&pos=124&whereid=1000&userqueryid=fb5a62bdb0da69453d685092fd3d8543-7832149&ref=beta', '/job/33352848?type=standard&tier=no_tier&pos=125&whereid=1000&userqueryid=fb5a62bdb0da69453d685092fd3d8543-7832149&ref=beta', '/job/33352077?type=standard&tier=no_tier&pos=126&whereid=1000&userqueryid=fb5a62bdb0da69453d685092fd3d8543-7832149&ref=beta', '/job/33352177?type=standout&tier=no_tier&pos=127&whereid=1000&userqueryid=fb5a62bdb0da69453d685092fd3d8543-7832149&ref=beta', '/job/33352104?type=standout&tier=no_tier&pos=128&whereid=1000&userqueryid=fb5a62bdb0da69453d685092fd3d8543-7832149&ref=beta', '/job/33328111?type=standout&tier=no_tier&pos=129&whereid=1000&userqueryid=fb5a62bdb0da69453d685092fd3d8543-7832149&ref=beta', '/job/33350130?type=standout&tier=no_tier&pos=130&whereid=1000&userqueryid=fb5a62bdb0da69453d685092fd3d8543-7832149&ref=beta', '/job/33349706?type=standard&tier=no_tier&pos=131&whereid=1000&userqueryid=fb5a62bdb0da69453d685092fd3d8543-7832149&ref=beta', '/job/33349573?type=standard&tier=no_tier&pos=132&whereid=1000&userqueryid=fb5a62bdb0da69453d685092fd3d8543-7832149&ref=beta', '/job/33348497?type=standout&tier=no_tier&pos=133&whereid=1000&userqueryid=fb5a62bdb0da69453d685092fd3d8543-7832149&ref=beta', '/job/33348151?type=standout&tier=no_tier&pos=134&whereid=1000&userqueryid=fb5a62bdb0da69453d685092fd3d8543-7832149&ref=beta', '/job/33345817?type=standard&tier=no_tier&pos=135&whereid=1000&userqueryid=fb5a62bdb0da69453d685092fd3d8543-7832149&ref=beta', '/job/33345389?type=standard&tier=no_tier&pos=136&whereid=1000&userqueryid=fb5a62bdb0da69453d685092fd3d8543-7832149&ref=beta', '/job/33345352?type=standout&tier=no_tier&pos=137&whereid=1000&userqueryid=fb5a62bdb0da69453d685092fd3d8543-7832149&ref=beta', '/job/33344526?type=standout&tier=no_tier&pos=138&whereid=1000&userqueryid=fb5a62bdb0da69453d685092fd3d8543-7832149&ref=beta', '/job/33344046?type=standout&tier=no_tier&pos=139&whereid=1000&userqueryid=fb5a62bdb0da69453d685092fd3d8543-7832149&ref=beta', '/job/33343027?type=standard&tier=no_tier&pos=140&whereid=1000&userqueryid=fb5a62bdb0da69453d685092fd3d8543-7832149&ref=beta']"
Business-Intelligence,8,https://www.seek.com.au/Business-Intelligence-jobs/in-All-Sydney-NSW?page=8,"['/job/33342520?type=standard&tier=no_tier&pos=141&whereid=1000&userqueryid=fb5a62bdb0da69453d685092fd3d8543-7832764&ref=beta', '/job/33342389?type=standard&tier=no_tier&pos=142&whereid=1000&userqueryid=fb5a62bdb0da69453d685092fd3d8543-7832764&ref=beta', '/job/33174292?type=standout&tier=no_tier&pos=143&whereid=1000&userqueryid=fb5a62bdb0da69453d685092fd3d8543-7832764&ref=beta', '/job/33338997?type=standard&tier=no_tier&pos=144&whereid=1000&userqueryid=fb5a62bdb0da69453d685092fd3d8543-7832764&ref=beta', '/job/33338993?type=standard&tier=no_tier&pos=145&whereid=1000&userqueryid=fb5a62bdb0da69453d685092fd3d8543-7832764&ref=beta', '/job/33337548?type=standard&tier=no_tier&pos=146&whereid=1000&userqueryid=fb5a62bdb0da69453d685092fd3d8543-7832764&ref=beta', '/job/33336523?type=standard&tier=no_tier&pos=147&whereid=1000&userqueryid=fb5a62bdb0da69453d685092fd3d8543-7832764&ref=beta', '/job/33336521?type=standard&tier=no_tier&pos=148&whereid=1000&userqueryid=fb5a62bdb0da69453d685092fd3d8543-7832764&ref=beta', '/job/33335660?type=standard&tier=no_tier&pos=149&whereid=1000&userqueryid=fb5a62bdb0da69453d685092fd3d8543-7832764&ref=beta', '/job/33334957?type=standard&tier=no_tier&pos=150&whereid=1000&userqueryid=fb5a62bdb0da69453d685092fd3d8543-7832764&ref=beta', '/job/33332702?type=standout&tier=no_tier&pos=151&whereid=1000&userqueryid=fb5a62bdb0da69453d685092fd3d8543-7832764&ref=beta', '/job/33332173?type=standard&tier=no_tier&pos=152&whereid=1000&userqueryid=fb5a62bdb0da69453d685092fd3d8543-7832764&ref=beta', '/job/33331232?type=standard&tier=no_tier&pos=153&whereid=1000&userqueryid=fb5a62bdb0da69453d685092fd3d8543-7832764&ref=beta', '/job/33330783?type=standard&tier=no_tier&pos=154&whereid=1000&userqueryid=fb5a62bdb0da69453d685092fd3d8543-7832764&ref=beta', '/job/33328808?type=standard&tier=no_tier&pos=155&whereid=1000&userqueryid=fb5a62bdb0da69453d685092fd3d8543-7832764&ref=beta', '/job/33328685?type=standout&tier=no_tier&pos=156&whereid=1000&userqueryid=fb5a62bdb0da69453d685092fd3d8543-7832764&ref=beta', '/job/33327999?type=standard&tier=no_tier&pos=157&whereid=1000&userqueryid=fb5a62bdb0da69453d685092fd3d8543-7832764&ref=beta', '/job/33327539?type=standout&tier=no_tier&pos=158&whereid=1000&userqueryid=fb5a62bdb0da69453d685092fd3d8543-7832764&ref=beta', '/job/33327274?type=standard&tier=no_tier&pos=159&whereid=1000&userqueryid=fb5a62bdb0da69453d685092fd3d8543-7832764&ref=beta', '/job/33328370?type=standout&tier=no_tier&pos=160&whereid=1000&userqueryid=fb5a62bdb0da69453d685092fd3d8543-7832764&ref=beta']"
Business-Intelligence,9,https://www.seek.com.au/Business-Intelligence-jobs/in-All-Sydney-NSW?page=9,"['/job/33325916?type=standout&tier=no_tier&pos=161&whereid=1000&userqueryid=fb5a62bdb0da69453d685092fd3d8543-7833342&ref=beta', '/job/33325910?type=standout&tier=no_tier&pos=162&whereid=1000&userqueryid=fb5a62bdb0da69453d685092fd3d8543-7833342&ref=beta', '/job/33325768?type=standard&tier=no_tier&pos=163&whereid=1000&userqueryid=fb5a62bdb0da69453d685092fd3d8543-7833342&ref=beta', '/job/33324947?type=standard&tier=no_tier&pos=164&whereid=1000&userqueryid=fb5a62bdb0da69453d685092fd3d8543-7833342&ref=beta', '/job/33324145?type=standout&tier=no_tier&pos=165&whereid=1000&userqueryid=fb5a62bdb0da69453d685092fd3d8543-7833342&ref=beta', '/job/33323885?type=standard&tier=no_tier&pos=166&whereid=1000&userqueryid=fb5a62bdb0da69453d685092fd3d8543-7833342&ref=beta', '/job/33323522?type=standard&tier=no_tier&pos=167&whereid=1000&userqueryid=fb5a62bdb0da69453d685092fd3d8543-7833342&ref=beta', '/job/33323231?type=standard&tier=no_tier&pos=168&whereid=1000&userqueryid=fb5a62bdb0da69453d685092fd3d8543-7833342&ref=beta', '/job/33323232?type=standard&tier=no_tier&pos=169&whereid=1000&userqueryid=fb5a62bdb0da69453d685092fd3d8543-7833342&ref=beta', '/job/33323230?type=standard&tier=no_tier&pos=170&whereid=1000&userqueryid=fb5a62bdb0da69453d685092fd3d8543-7833342&ref=beta', '/job/33323035?type=standout&tier=no_tier&pos=171&whereid=1000&userqueryid=fb5a62bdb0da69453d685092fd3d8543-7833342&ref=beta', '/job/33322769?type=standout&tier=no_tier&pos=172&whereid=1000&userqueryid=fb5a62bdb0da69453d685092fd3d8543-7833342&ref=beta', '/job/33322224?type=standard&tier=no_tier&pos=173&whereid=1000&userqueryid=fb5a62bdb0da69453d685092fd3d8543-7833342&ref=beta', '/job/33322066?type=standard&tier=no_tier&pos=174&whereid=1000&userqueryid=fb5a62bdb0da69453d685092fd3d8543-7833342&ref=beta', '/job/33320371?type=standard&tier=no_tier&pos=175&whereid=1000&userqueryid=fb5a62bdb0da69453d685092fd3d8543-7833342&ref=beta', '/job/33319886?type=standout&tier=no_tier&pos=176&whereid=1000&userqueryid=fb5a62bdb0da69453d685092fd3d8543-7833342&ref=beta', '/job/33319639?type=standard&tier=no_tier&pos=177&whereid=1000&userqueryid=fb5a62bdb0da69453d685092fd3d8543-7833342&ref=beta', '/job/33319640?type=standard&tier=no_tier&pos=178&whereid=1000&userqueryid=fb5a62bdb0da69453d685092fd3d8543-7833342&ref=beta', '/job/33319413?type=standout&tier=no_tier&pos=179&whereid=1000&userqueryid=fb5a62bdb0da69453d685092fd3d8543-7833342&ref=beta', '/job/33318299?type=standout&tier=no_tier&pos=180&whereid=1000&userqueryid=fb5a62bdb0da69453d685092fd3d8543-7833342&ref=beta']"
Business-Intelligence,10,https://www.seek.com.au/Business-Intelligence-jobs/in-All-Sydney-NSW?page=10,"['/job/33316536?type=standout&tier=no_tier&pos=181&whereid=1000&userqueryid=fb5a62bdb0da69453d685092fd3d8543-7833998&ref=beta', '/job/33315687?type=standout&tier=no_tier&pos=182&whereid=1000&userqueryid=fb5a62bdb0da69453d685092fd3d8543-7833998&ref=beta', '/job/33315553?type=standout&tier=no_tier&pos=183&whereid=1000&userqueryid=fb5a62bdb0da69453d685092fd3d8543-7833998&ref=beta', '/job/33314735?type=standout&tier=no_tier&pos=184&whereid=1000&userqueryid=fb5a62bdb0da69453d685092fd3d8543-7833998&ref=beta', '/job/33313656?type=standard&tier=no_tier&pos=185&whereid=1000&userqueryid=fb5a62bdb0da69453d685092fd3d8543-7833998&ref=beta', '/job/33310146?type=standard&tier=no_tier&pos=186&whereid=1000&userqueryid=fb5a62bdb0da69453d685092fd3d8543-7833998&ref=beta', '/job/33308403?type=standard&tier=no_tier&pos=187&whereid=1000&userqueryid=fb5a62bdb0da69453d685092fd3d8543-7833998&ref=beta', '/job/33306989?type=standard&tier=no_tier&pos=188&whereid=1000&userqueryid=fb5a62bdb0da69453d685092fd3d8543-7833998&ref=beta', '/job/33306988?type=standard&tier=no_tier&pos=189&whereid=1000&userqueryid=fb5a62bdb0da69453d685092fd3d8543-7833998&ref=beta', '/job/33306870?type=standard&tier=no_tier&pos=190&whereid=1000&userqueryid=fb5a62bdb0da69453d685092fd3d8543-7833998&ref=beta', '/job/33304633?type=standard&tier=no_tier&pos=191&whereid=1000&userqueryid=fb5a62bdb0da69453d685092fd3d8543-7833998&ref=beta', '/job/33303940?type=standard&tier=no_tier&pos=192&whereid=1000&userqueryid=fb5a62bdb0da69453d685092fd3d8543-7833998&ref=beta', '/job/33303660?type=standard&tier=no_tier&pos=193&whereid=1000&userqueryid=fb5a62bdb0da69453d685092fd3d8543-7833998&ref=beta', '/job/33303817?type=standout&tier=no_tier&pos=194&whereid=1000&userqueryid=fb5a62bdb0da69453d685092fd3d8543-7833998&ref=beta', '/job/33303239?type=standard&tier=no_tier&pos=195&whereid=1000&userqueryid=fb5a62bdb0da69453d685092fd3d8543-7833998&ref=beta', '/job/33302748?type=standout&tier=no_tier&pos=196&whereid=1000&userqueryid=fb5a62bdb0da69453d685092fd3d8543-7833998&ref=beta', '/job/33302447?type=standout&tier=no_tier&pos=197&whereid=1000&userqueryid=fb5a62bdb0da69453d685092fd3d8543-7833998&ref=beta', '/job/33301881?type=standout&tier=no_tier&pos=198&whereid=1000&userqueryid=fb5a62bdb0da69453d685092fd3d8543-7833998&ref=beta', '/job/33303764?type=standout&tier=no_tier&pos=199&whereid=1000&userqueryid=fb5a62bdb0da69453d685092fd3d8543-7833998&ref=beta', '/job/33301018?type=standard&tier=no_tier&pos=200&whereid=1000&userqueryid=fb5a62bdb0da69453d685092fd3d8543-7833998&ref=beta']"
Business-Intelligence,11,https://www.seek.com.au/Business-Intelligence-jobs/in-All-Sydney-NSW?page=11,"['/job/33300864?type=standard&tier=no_tier&pos=201&whereid=1000&userqueryid=fb5a62bdb0da69453d685092fd3d8543-7834597&ref=beta', '/job/33298937?type=standout&tier=no_tier&pos=202&whereid=1000&userqueryid=fb5a62bdb0da69453d685092fd3d8543-7834597&ref=beta', '/job/33298267?type=standout&tier=no_tier&pos=203&whereid=1000&userqueryid=fb5a62bdb0da69453d685092fd3d8543-7834597&ref=beta', '/job/33252385?type=standout&tier=no_tier&pos=204&whereid=1000&userqueryid=fb5a62bdb0da69453d685092fd3d8543-7834597&ref=beta', '/job/33296468?type=standard&tier=no_tier&pos=205&whereid=1000&userqueryid=fb5a62bdb0da69453d685092fd3d8543-7834597&ref=beta', '/job/33296448?type=standout&tier=no_tier&pos=206&whereid=1000&userqueryid=fb5a62bdb0da69453d685092fd3d8543-7834597&ref=beta', '/job/33296395?type=standard&tier=no_tier&pos=207&whereid=1000&userqueryid=fb5a62bdb0da69453d685092fd3d8543-7834597&ref=beta', '/job/33294750?type=standard&tier=no_tier&pos=208&whereid=1000&userqueryid=fb5a62bdb0da69453d685092fd3d8543-7834597&ref=beta', '/job/33292826?type=standard&tier=no_tier&pos=209&whereid=1000&userqueryid=fb5a62bdb0da69453d685092fd3d8543-7834597&ref=beta', '/job/33291874?type=standout&tier=no_tier&pos=210&whereid=1000&userqueryid=fb5a62bdb0da69453d685092fd3d8543-7834597&ref=beta', '/job/33291144?type=standout&tier=no_tier&pos=211&whereid=1000&userqueryid=fb5a62bdb0da69453d685092fd3d8543-7834597&ref=beta', '/job/33290750?type=standard&tier=no_tier&pos=212&whereid=1000&userqueryid=fb5a62bdb0da69453d685092fd3d8543-7834597&ref=beta', '/job/33290085?type=standout&tier=no_tier&pos=213&whereid=1000&userqueryid=fb5a62bdb0da69453d685092fd3d8543-7834597&ref=beta', '/job/33290051?type=standout&tier=no_tier&pos=214&whereid=1000&userqueryid=fb5a62bdb0da69453d685092fd3d8543-7834597&ref=beta', '/job/33289238?type=standard&tier=no_tier&pos=215&whereid=1000&userqueryid=fb5a62bdb0da69453d685092fd3d8543-7834597&ref=beta', '/job/33288768?type=standard&tier=no_tier&pos=216&whereid=1000&userqueryid=fb5a62bdb0da69453d685092fd3d8543-7834597&ref=beta', '/job/33288769?type=standard&tier=no_tier&pos=217&whereid=1000&userqueryid=fb5a62bdb0da69453d685092fd3d8543-7834597&ref=beta', '/job/33287646?type=standard&tier=no_tier&pos=218&whereid=1000&userqueryid=fb5a62bdb0da69453d685092fd3d8543-7834597&ref=beta', '/job/33286763?type=standard&tier=no_tier&pos=219&whereid=1000&userqueryid=fb5a62bdb0da69453d685092fd3d8543-7834597&ref=beta', '/job/33094840?type=standard&tier=no_tier&pos=220&whereid=1000&userqueryid=fb5a62bdb0da69453d685092fd3d8543-7834597&ref=beta']"
Business-Intelligence,12,https://www.seek.com.au/Business-Intelligence-jobs/in-All-Sydney-NSW?page=12,"['/job/33231216?type=standout&tier=no_tier&pos=221&whereid=1000&userqueryid=fb5a62bdb0da69453d685092fd3d8543-7835217&ref=beta', '/job/33282307?type=standard&tier=no_tier&pos=222&whereid=1000&userqueryid=fb5a62bdb0da69453d685092fd3d8543-7835217&ref=beta', '/job/33281483?type=standout&tier=no_tier&pos=223&whereid=1000&userqueryid=fb5a62bdb0da69453d685092fd3d8543-7835217&ref=beta', '/job/33281315?type=standard&tier=no_tier&pos=224&whereid=1000&userqueryid=fb5a62bdb0da69453d685092fd3d8543-7835217&ref=beta', '/job/33280744?type=standard&tier=no_tier&pos=225&whereid=1000&userqueryid=fb5a62bdb0da69453d685092fd3d8543-7835217&ref=beta', '/job/33078371?type=standout&tier=no_tier&pos=226&whereid=1000&userqueryid=fb5a62bdb0da69453d685092fd3d8543-7835217&ref=beta', '/job/33278561?type=standard&tier=no_tier&pos=227&whereid=1000&userqueryid=fb5a62bdb0da69453d685092fd3d8543-7835217&ref=beta', '/job/33277768?type=standard&tier=no_tier&pos=228&whereid=1000&userqueryid=fb5a62bdb0da69453d685092fd3d8543-7835217&ref=beta', '/job/33277147?type=standout&tier=no_tier&pos=229&whereid=1000&userqueryid=fb5a62bdb0da69453d685092fd3d8543-7835217&ref=beta', '/job/33276173?type=standard&tier=no_tier&pos=230&whereid=1000&userqueryid=fb5a62bdb0da69453d685092fd3d8543-7835217&ref=beta', '/job/33275759?type=standard&tier=no_tier&pos=231&whereid=1000&userqueryid=fb5a62bdb0da69453d685092fd3d8543-7835217&ref=beta', '/job/33272108?type=standard&tier=no_tier&pos=232&whereid=1000&userqueryid=fb5a62bdb0da69453d685092fd3d8543-7835217&ref=beta', '/job/33271455?type=standout&tier=no_tier&pos=233&whereid=1000&userqueryid=fb5a62bdb0da69453d685092fd3d8543-7835217&ref=beta', '/job/33271245?type=standard&tier=no_tier&pos=234&whereid=1000&userqueryid=fb5a62bdb0da69453d685092fd3d8543-7835217&ref=beta', '/job/33270921?type=standard&tier=no_tier&pos=235&whereid=1000&userqueryid=fb5a62bdb0da69453d685092fd3d8543-7835217&ref=beta', '/job/33270869?type=standout&tier=no_tier&pos=236&whereid=1000&userqueryid=fb5a62bdb0da69453d685092fd3d8543-7835217&ref=beta', '/job/33269845?type=standout&tier=no_tier&pos=237&whereid=1000&userqueryid=fb5a62bdb0da69453d685092fd3d8543-7835217&ref=beta', '/job/33268201?type=standout&tier=no_tier&pos=238&whereid=1000&userqueryid=fb5a62bdb0da69453d685092fd3d8543-7835217&ref=beta', '/job/33267526?type=standard&tier=no_tier&pos=239&whereid=1000&userqueryid=fb5a62bdb0da69453d685092fd3d8543-7835217&ref=beta', '/job/33266316?type=standard&tier=no_tier&pos=240&whereid=1000&userqueryid=fb5a62bdb0da69453d685092fd3d8543-7835217&ref=beta']"
Business-Intelligence,13,https://www.seek.com.au/Business-Intelligence-jobs/in-All-Sydney-NSW?page=13,"['/job/33264350?type=standout&tier=no_tier&pos=241&whereid=1000&userqueryid=fb5a62bdb0da69453d685092fd3d8543-7835853&ref=beta', '/job/33264349?type=standout&tier=no_tier&pos=242&whereid=1000&userqueryid=fb5a62bdb0da69453d685092fd3d8543-7835853&ref=beta', '/job/33262556?type=standard&tier=no_tier&pos=243&whereid=1000&userqueryid=fb5a62bdb0da69453d685092fd3d8543-7835853&ref=beta', '/job/33261935?type=standout&tier=no_tier&pos=244&whereid=1000&userqueryid=fb5a62bdb0da69453d685092fd3d8543-7835853&ref=beta', '/job/33261856?type=standard&tier=no_tier&pos=245&whereid=1000&userqueryid=fb5a62bdb0da69453d685092fd3d8543-7835853&ref=beta', '/job/33261929?type=standout&tier=no_tier&pos=246&whereid=1000&userqueryid=fb5a62bdb0da69453d685092fd3d8543-7835853&ref=beta', '/job/33261466?type=standard&tier=no_tier&pos=247&whereid=1000&userqueryid=fb5a62bdb0da69453d685092fd3d8543-7835853&ref=beta', '/job/33261287?type=standard&tier=no_tier&pos=248&whereid=1000&userqueryid=fb5a62bdb0da69453d685092fd3d8543-7835853&ref=beta', '/job/33260907?type=standard&tier=no_tier&pos=249&whereid=1000&userqueryid=fb5a62bdb0da69453d685092fd3d8543-7835853&ref=beta', '/job/33257382?type=standard&tier=no_tier&pos=250&whereid=1000&userqueryid=fb5a62bdb0da69453d685092fd3d8543-7835853&ref=beta', '/job/33256738?type=standout&tier=no_tier&pos=251&whereid=1000&userqueryid=fb5a62bdb0da69453d685092fd3d8543-7835853&ref=beta', '/job/33255333?type=standard&tier=no_tier&pos=252&whereid=1000&userqueryid=fb5a62bdb0da69453d685092fd3d8543-7835853&ref=beta', '/job/33254986?type=standard&tier=no_tier&pos=253&whereid=1000&userqueryid=fb5a62bdb0da69453d685092fd3d8543-7835853&ref=beta', '/job/33254349?type=standout&tier=no_tier&pos=254&whereid=1000&userqueryid=fb5a62bdb0da69453d685092fd3d8543-7835853&ref=beta', '/job/33253540?type=standout&tier=no_tier&pos=255&whereid=1000&userqueryid=fb5a62bdb0da69453d685092fd3d8543-7835853&ref=beta', '/job/33253179?type=standout&tier=no_tier&pos=256&whereid=1000&userqueryid=fb5a62bdb0da69453d685092fd3d8543-7835853&ref=beta', '/job/33246897?type=standard&tier=no_tier&pos=257&whereid=1000&userqueryid=fb5a62bdb0da69453d685092fd3d8543-7835853&ref=beta', '/job/33251163?type=standout&tier=no_tier&pos=258&whereid=1000&userqueryid=fb5a62bdb0da69453d685092fd3d8543-7835853&ref=beta', '/job/33250288?type=standout&tier=no_tier&pos=259&whereid=1000&userqueryid=fb5a62bdb0da69453d685092fd3d8543-7835853&ref=beta', '/job/33382169?type=standout&tier=no_tier&pos=260&whereid=1000&userqueryid=fb5a62bdb0da69453d685092fd3d8543-7835853&ref=beta']"
Business-Intelligence,14,https://www.seek.com.au/Business-Intelligence-jobs/in-All-Sydney-NSW?page=14,"['/job/33247881?type=standard&tier=no_tier&pos=261&whereid=1000&userqueryid=fb5a62bdb0da69453d685092fd3d8543-7836425&ref=beta', '/job/33247323?type=standard&tier=no_tier&pos=262&whereid=1000&userqueryid=fb5a62bdb0da69453d685092fd3d8543-7836425&ref=beta', '/job/33246439?type=standard&tier=no_tier&pos=263&whereid=1000&userqueryid=fb5a62bdb0da69453d685092fd3d8543-7836425&ref=beta', '/job/33246212?type=standard&tier=no_tier&pos=264&whereid=1000&userqueryid=fb5a62bdb0da69453d685092fd3d8543-7836425&ref=beta', '/job/33245649?type=standard&tier=no_tier&pos=265&whereid=1000&userqueryid=fb5a62bdb0da69453d685092fd3d8543-7836425&ref=beta', '/job/33244922?type=standout&tier=no_tier&pos=266&whereid=1000&userqueryid=fb5a62bdb0da69453d685092fd3d8543-7836425&ref=beta', '/job/33241164?type=standard&tier=no_tier&pos=267&whereid=1000&userqueryid=fb5a62bdb0da69453d685092fd3d8543-7836425&ref=beta', '/job/33241638?type=standard&tier=no_tier&pos=268&whereid=1000&userqueryid=fb5a62bdb0da69453d685092fd3d8543-7836425&ref=beta', '/job/33241249?type=standard&tier=no_tier&pos=269&whereid=1000&userqueryid=fb5a62bdb0da69453d685092fd3d8543-7836425&ref=beta', '/job/33239632?type=standard&tier=no_tier&pos=270&whereid=1000&userqueryid=fb5a62bdb0da69453d685092fd3d8543-7836425&ref=beta', '/job/33239276?type=standard&tier=no_tier&pos=271&whereid=1000&userqueryid=fb5a62bdb0da69453d685092fd3d8543-7836425&ref=beta', '/job/33187943?type=standard&tier=no_tier&pos=272&whereid=1000&userqueryid=fb5a62bdb0da69453d685092fd3d8543-7836425&ref=beta', '/job/33235974?type=standard&tier=no_tier&pos=273&whereid=1000&userqueryid=fb5a62bdb0da69453d685092fd3d8543-7836425&ref=beta', '/job/33235080?type=standout&tier=no_tier&pos=274&whereid=1000&userqueryid=fb5a62bdb0da69453d685092fd3d8543-7836425&ref=beta', '/job/33186732?type=standout&tier=no_tier&pos=275&whereid=1000&userqueryid=fb5a62bdb0da69453d685092fd3d8543-7836425&ref=beta', '/job/33233613?type=standard&tier=no_tier&pos=276&whereid=1000&userqueryid=fb5a62bdb0da69453d685092fd3d8543-7836425&ref=beta', '/job/33233265?type=standard&tier=no_tier&pos=277&whereid=1000&userqueryid=fb5a62bdb0da69453d685092fd3d8543-7836425&ref=beta', '/job/33232921?type=standout&tier=no_tier&pos=278&whereid=1000&userqueryid=fb5a62bdb0da69453d685092fd3d8543-7836425&ref=beta', '/job/33232917?type=standout&tier=no_tier&pos=279&whereid=1000&userqueryid=fb5a62bdb0da69453d685092fd3d8543-7836425&ref=beta', '/job/33230665?type=standard&tier=no_tier&pos=280&whereid=1000&userqueryid=fb5a62bdb0da69453d685092fd3d8543-7836425&ref=beta']"
Business-Intelligence,15,https://www.seek.com.au/Business-Intelligence-jobs/in-All-Sydney-NSW?page=15,"['/job/33368901?type=standout&tier=no_tier&pos=281&whereid=1000&userqueryid=fb5a62bdb0da69453d685092fd3d8543-7837058&ref=beta', '/job/33368784?type=standout&tier=no_tier&pos=282&whereid=1000&userqueryid=fb5a62bdb0da69453d685092fd3d8543-7837058&ref=beta', '/job/33368745?type=standout&tier=no_tier&pos=283&whereid=1000&userqueryid=fb5a62bdb0da69453d685092fd3d8543-7837058&ref=beta', '/job/33368697?type=standout&tier=no_tier&pos=284&whereid=1000&userqueryid=fb5a62bdb0da69453d685092fd3d8543-7837058&ref=beta', '/job/33368676?type=standout&tier=no_tier&pos=285&whereid=1000&userqueryid=fb5a62bdb0da69453d685092fd3d8543-7837058&ref=beta', '/job/33368651?type=standout&tier=no_tier&pos=286&whereid=1000&userqueryid=fb5a62bdb0da69453d685092fd3d8543-7837058&ref=beta', '/job/33368328?type=standout&tier=no_tier&pos=287&whereid=1000&userqueryid=fb5a62bdb0da69453d685092fd3d8543-7837058&ref=beta', '/job/33368322?type=standout&tier=no_tier&pos=288&whereid=1000&userqueryid=fb5a62bdb0da69453d685092fd3d8543-7837058&ref=beta', '/job/33227707?type=standard&tier=no_tier&pos=289&whereid=1000&userqueryid=fb5a62bdb0da69453d685092fd3d8543-7837058&ref=beta', '/job/33227246?type=standout&tier=no_tier&pos=290&whereid=1000&userqueryid=fb5a62bdb0da69453d685092fd3d8543-7837058&ref=beta', '/job/33227054?type=standout&tier=no_tier&pos=291&whereid=1000&userqueryid=fb5a62bdb0da69453d685092fd3d8543-7837058&ref=beta', '/job/33226659?type=standard&tier=no_tier&pos=292&whereid=1000&userqueryid=fb5a62bdb0da69453d685092fd3d8543-7837058&ref=beta', '/job/33226638?type=standard&tier=no_tier&pos=293&whereid=1000&userqueryid=fb5a62bdb0da69453d685092fd3d8543-7837058&ref=beta', '/job/33226621?type=standout&tier=no_tier&pos=294&whereid=1000&userqueryid=fb5a62bdb0da69453d685092fd3d8543-7837058&ref=beta', '/job/33226430?type=standout&tier=no_tier&pos=295&whereid=1000&userqueryid=fb5a62bdb0da69453d685092fd3d8543-7837058&ref=beta', '/job/33353748?type=standout&tier=no_tier&pos=296&whereid=1000&userqueryid=fb5a62bdb0da69453d685092fd3d8543-7837058&ref=beta', '/job/33353699?type=standout&tier=no_tier&pos=297&whereid=1000&userqueryid=fb5a62bdb0da69453d685092fd3d8543-7837058&ref=beta', '/job/33353609?type=standout&tier=no_tier&pos=298&whereid=1000&userqueryid=fb5a62bdb0da69453d685092fd3d8543-7837058&ref=beta', '/job/33353575?type=standout&tier=no_tier&pos=299&whereid=1000&userqueryid=fb5a62bdb0da69453d685092fd3d8543-7837058&ref=beta', '/job/33353534?type=standout&tier=no_tier&pos=300&whereid=1000&userqueryid=fb5a62bdb0da69453d685092fd3d8543-7837058&ref=beta']"
Business-Intelligence,16,https://www.seek.com.au/Business-Intelligence-jobs/in-All-Sydney-NSW?page=16,"['/job/33353466?type=standout&tier=no_tier&pos=301&whereid=1000&userqueryid=fb5a62bdb0da69453d685092fd3d8543-7837679&ref=beta', '/job/33353267?type=standout&tier=no_tier&pos=302&whereid=1000&userqueryid=fb5a62bdb0da69453d685092fd3d8543-7837679&ref=beta', '/job/33353249?type=standout&tier=no_tier&pos=303&whereid=1000&userqueryid=fb5a62bdb0da69453d685092fd3d8543-7837679&ref=beta', '/job/33222316?type=standard&tier=no_tier&pos=304&whereid=1000&userqueryid=fb5a62bdb0da69453d685092fd3d8543-7837679&ref=beta', '/job/33222150?type=standard&tier=no_tier&pos=305&whereid=1000&userqueryid=fb5a62bdb0da69453d685092fd3d8543-7837679&ref=beta', '/job/33221959?type=standard&tier=no_tier&pos=306&whereid=1000&userqueryid=fb5a62bdb0da69453d685092fd3d8543-7837679&ref=beta', '/job/33221125?type=standard&tier=no_tier&pos=307&whereid=1000&userqueryid=fb5a62bdb0da69453d685092fd3d8543-7837679&ref=beta', '/job/33220963?type=standard&tier=no_tier&pos=308&whereid=1000&userqueryid=fb5a62bdb0da69453d685092fd3d8543-7837679&ref=beta', '/job/33192247?type=standout&tier=no_tier&pos=309&whereid=1000&userqueryid=fb5a62bdb0da69453d685092fd3d8543-7837679&ref=beta', '/job/33217457?type=standard&tier=no_tier&pos=310&whereid=1000&userqueryid=fb5a62bdb0da69453d685092fd3d8543-7837679&ref=beta', '/job/33216336?type=standard&tier=no_tier&pos=311&whereid=1000&userqueryid=fb5a62bdb0da69453d685092fd3d8543-7837679&ref=beta', '/job/33214864?type=standout&tier=no_tier&pos=312&whereid=1000&userqueryid=fb5a62bdb0da69453d685092fd3d8543-7837679&ref=beta', '/job/33212282?type=standard&tier=no_tier&pos=313&whereid=1000&userqueryid=fb5a62bdb0da69453d685092fd3d8543-7837679&ref=beta', '/job/33211576?type=standard&tier=no_tier&pos=314&whereid=1000&userqueryid=fb5a62bdb0da69453d685092fd3d8543-7837679&ref=beta', '/job/33209190?type=standout&tier=no_tier&pos=315&whereid=1000&userqueryid=fb5a62bdb0da69453d685092fd3d8543-7837679&ref=beta', '/job/33201767?type=standout&tier=no_tier&pos=316&whereid=1000&userqueryid=fb5a62bdb0da69453d685092fd3d8543-7837679&ref=beta', '/job/33204406?type=standard&tier=no_tier&pos=317&whereid=1000&userqueryid=fb5a62bdb0da69453d685092fd3d8543-7837679&ref=beta', '/job/33201774?type=standard&tier=no_tier&pos=318&whereid=1000&userqueryid=fb5a62bdb0da69453d685092fd3d8543-7837679&ref=beta', '/job/33201346?type=standard&tier=no_tier&pos=319&whereid=1000&userqueryid=fb5a62bdb0da69453d685092fd3d8543-7837679&ref=beta', '/job/33290038?type=standard&tier=no_tier&pos=320&whereid=1000&userqueryid=fb5a62bdb0da69453d685092fd3d8543-7837679&ref=beta']"
